variant_id,pattern_id,category,difficulty,metadata_compiler_fixable,resistance_threshold,slow_ms_O0,fast_ms_O0,speedup_O0,resistant_O0,slow_ms_O2,fast_ms_O2,speedup_O2,resistant_O2,slow_ms_O3,fast_ms_O3,speedup_O3,resistant_O3,slow_ms_O3_fast_math,fast_ms_O3_fast_math,speedup_O3_fast_math,resistant_O3_fast_math,slow_ms_O3_lto,fast_ms_O3_lto,speedup_O3_lto,resistant_O3_lto
AL-1_v000,AL-1,Algorithmic Inefficiency,hard,False,2.0,7.508,0.001,7508.0,True,2.716,0.0,2716.0,True,2.699,0.001,2699.0,True,2.754,0.001,2754.0,True,2.665,0.0,2665.0,True
AL-1_v001,AL-1,Algorithmic Inefficiency,medium,False,2.0,2.576,0.0,2576.0,True,1.421,0.0,1421.0,True,1.413,0.001,1413.0,True,1.499,0.0,1499.0,True,1.564,0.0,1564.0,True
AL-1_v002,AL-1,Algorithmic Inefficiency,medium,False,2.0,2.531,0.0,2531.0,True,1.415,0.0,1415.0,True,1.491,0.0,1491.0,True,1.415,0.0,1415.0,True,1.542,0.0,1542.0,True
AL-1_v003,AL-1,Algorithmic Inefficiency,hard,False,2.0,1974.669,0.003,658223.0,True,1570.566,0.002,785283.0,True,1435.668,0.002,717834.0,True,1413.622,0.002,706811.0,True,1619.247,0.001,1619247.0,True
AL-1_v004,AL-1,Algorithmic Inefficiency,medium,False,2.0,2.657,0.0,2657.0,True,1.456,0.0,1456.0,True,1.504,0.0,1504.0,True,1.393,0.0,1393.0,True,1.497,0.0,1497.0,True
AL-1_v005,AL-1,Algorithmic Inefficiency,hard,False,2.0,0.078,0.0,78.0,True,0.063,0.001,63.0,True,0.058,0.001,58.0,True,0.054,0.001,54.0,True,0.035,0.001,35.0,True
AL-1_v006,AL-1,Algorithmic Inefficiency,hard,False,2.0,7.528,0.001,7528.0,True,2.723,0.001,2723.0,True,2.708,0.001,2708.0,True,2.819,0.0,2819.0,True,2.729,0.001,2729.0,True
AL-1_v007,AL-1,Algorithmic Inefficiency,medium,False,2.0,181.146,0.001,181146.0,True,99.784,0.001,99784.0,True,98.995,0.004,24748.75,True,98.471,0.002,49235.5,True,97.836,0.003,32612.0,True
AL-1_v008,AL-1,Algorithmic Inefficiency,hard,False,2.0,0.079,0.0,79.0,True,0.063,0.0,63.0,True,0.053,0.0,53.0,True,0.058,0.001,58.0,True,0.035,0.0,35.0,True
AL-1_v009,AL-1,Algorithmic Inefficiency,hard,False,2.0,2041.56,0.002,1020780.0,True,1603.331,0.015,106888.73,True,1468.849,0.001,1468849.0,True,1407.051,0.003,469017.0,True,1636.644,0.002,818322.0,True
AL-1_v010,AL-1,Algorithmic Inefficiency,hard,False,2.0,79.229,0.002,39614.5,True,42.831,0.002,21415.5,True,39.044,0.003,13014.67,True,44.508,0.001,44508.0,True,44.719,0.003,14906.33,True
AL-1_v011,AL-1,Algorithmic Inefficiency,medium,False,2.0,814.569,0.013,62659.15,True,474.717,0.001,474717.0,True,486.44,0.005,97288.0,True,482.782,0.002,241391.0,True,496.112,0.002,248056.0,True
AL-1_v012,AL-1,Algorithmic Inefficiency,medium,False,2.0,830.856,0.002,415428.0,True,484.121,0.002,242060.5,True,478.847,0.002,239423.5,True,491.459,0.003,163819.67,True,498.834,0.001,498834.0,True
AL-1_v013,AL-1,Algorithmic Inefficiency,medium,False,2.0,2.815,0.001,2815.0,True,1.456,0.0,1456.0,True,1.431,0.0,1431.0,True,1.51,0.0,1510.0,True,1.531,0.0,1531.0,True
AL-1_v014,AL-1,Algorithmic Inefficiency,medium,False,2.0,0.378,0.0,378.0,True,0.184,0.001,184.0,True,0.188,0.0,188.0,True,0.175,0.0,175.0,True,0.169,0.0,169.0,True
AL-2_v000,AL-2,Algorithmic,hard,False,2.0,166.226,0.65,255.73,True,136.091,0.444,306.51,True,131.118,0.423,309.97,True,127.133,0.415,306.34,True,125.995,0.41,307.3,True
AL-2_v001,AL-2,Algorithmic,hard,False,2.0,23.807,0.214,111.25,True,19.787,0.157,126.03,True,18.917,0.142,133.22,True,18.219,0.136,133.96,True,18.424,0.135,136.47,True
AL-2_v002,AL-2,Algorithmic,hard,False,2.0,773.485,2.994,258.35,True,571.283,2.296,248.82,True,563.259,2.343,240.4,True,554.824,2.339,237.21,True,581.841,2.384,244.06,True
AL-2_v003,AL-2,Algorithmic,hard,False,2.0,24.824,0.218,113.87,True,19.201,0.113,169.92,True,17.926,0.103,174.04,True,18.945,0.108,175.42,True,18.187,0.102,178.3,True
AL-2_v004,AL-2,Algorithmic,hard,False,2.0,164.863,0.867,190.15,True,126.898,0.686,184.98,True,125.125,0.655,191.03,True,127.984,0.65,196.9,True,133.566,0.7,190.81,True
AL-2_v005,AL-2,Algorithmic,hard,False,2.0,163.247,0.867,188.29,True,130.66,0.654,199.79,True,126.008,0.647,194.76,True,136.645,0.722,189.26,True,131.556,0.664,198.13,True
AL-2_v006,AL-2,Algorithmic,hard,False,2.0,170.912,0.643,265.8,True,127.58,0.417,305.95,True,126.279,0.413,305.76,True,136.846,0.45,304.1,True,131.512,0.423,310.9,True
AL-2_v007,AL-2,Algorithmic,hard,False,2.0,753.888,3.135,240.47,True,585.825,2.415,242.58,True,553.509,2.316,238.99,True,552.258,2.312,238.87,True,551.008,2.283,241.35,True
AL-2_v008,AL-2,Algorithmic,hard,False,2.0,763.223,3.155,241.91,True,579.987,2.298,252.39,True,557.121,2.315,240.66,True,550.18,2.3,239.21,True,555.204,2.28,243.51,True
AL-2_v009,AL-2,Algorithmic,hard,False,2.0,774.206,1.946,397.84,True,568.463,1.32,430.65,True,552.498,1.313,420.79,True,553.471,1.312,421.85,True,551.406,1.306,422.21,True
AL-2_v010,AL-2,Algorithmic,hard,False,2.0,171.744,0.905,189.77,True,126.593,0.66,191.81,True,125.715,0.642,195.82,True,124.057,0.656,189.11,True,126.747,0.651,194.7,True
AL-2_v011,AL-2,Algorithmic,hard,False,2.0,169.355,0.653,259.35,True,125.92,0.418,301.24,True,125.243,0.421,297.49,True,126.782,0.413,306.98,True,126.105,0.413,305.34,True
AL-2_v012,AL-2,Algorithmic,hard,False,2.0,23.802,0.218,109.18,True,18.264,0.136,134.29,True,18.134,0.135,134.33,True,18.334,0.138,132.86,True,18.333,0.135,135.8,True
AL-2_v013,AL-2,Algorithmic,hard,False,2.0,23.631,0.217,108.9,True,17.895,0.135,132.56,True,18.037,0.135,133.61,True,18.132,0.136,133.32,True,18.317,0.135,135.68,True
AL-2_v014,AL-2,Algorithmic,hard,False,2.0,23.651,0.217,108.99,True,18.154,0.136,133.49,True,18.188,0.136,133.74,True,18.067,0.136,132.85,True,18.481,0.134,137.92,True
AL-3_v000,AL-3,Algorithmic,hard,False,2.0,5066.953,74.086,68.39,True,2096.664,36.388,57.62,True,2088.795,35.77,58.4,True,2075.109,38.289,54.2,True,2056.532,37.552,54.76,True
AL-3_v001,AL-3,Algorithmic,hard,False,2.0,3323.82,36.64,90.72,True,1333.548,17.119,77.9,True,1345.076,17.57,76.56,True,1392.486,18.515,75.21,True,1359.626,18.889,71.98,True
AL-3_v002,AL-3,Algorithmic,hard,False,2.0,6867.989,76.015,90.35,True,2750.742,34.631,79.43,True,2712.558,35.9,75.56,True,2746.713,34.944,78.6,True,2737.267,35.917,76.21,True
AL-3_v003,AL-3,Algorithmic,hard,False,2.0,3552.966,76.918,46.19,True,1391.042,36.205,38.42,True,1459.749,40.357,36.17,True,1453.097,37.799,38.44,True,1432.673,38.911,36.82,True
AL-3_v004,AL-3,Algorithmic,hard,False,2.0,4245.724,36.826,115.29,True,1645.879,18.196,90.45,True,1721.414,17.665,97.45,True,1674.599,18.229,91.86,True,1667.772,17.553,95.01,True
AL-3_v005,AL-3,Algorithmic,hard,False,2.0,3424.91,36.95,92.69,True,1323.64,17.551,75.42,True,1395.957,18.767,74.38,True,1376.961,17.502,78.67,True,1343.575,18.065,74.37,True
AL-3_v006,AL-3,Algorithmic,hard,False,2.0,3573.162,77.275,46.24,True,1411.93,34.12,41.38,True,1470.106,41.456,35.46,True,1457.121,38.639,37.71,True,1435.587,36.953,38.85,True
AL-3_v007,AL-3,Algorithmic,hard,False,2.0,4436.4,76.7,57.84,True,1802.335,35.966,50.11,True,1781.577,38.524,46.25,True,1766.819,41.138,42.95,True,1750.237,36.225,48.32,True
AL-3_v008,AL-3,Algorithmic,hard,False,2.0,4318.662,37.687,114.59,True,1675.583,17.33,96.69,True,1691.388,18.352,92.16,True,1697.338,18.291,92.8,True,1702.59,18.018,94.49,True
AL-3_v009,AL-3,Algorithmic,hard,False,2.0,8663.595,78.447,110.44,True,3391.449,35.093,96.64,True,3421.509,36.409,93.97,True,3439.012,35.177,97.76,True,3376.359,35.102,96.19,True
AL-3_v010,AL-3,Algorithmic,hard,False,2.0,4532.609,77.114,58.78,True,1762.146,40.3,43.73,True,1796.455,37.449,47.97,True,1800.467,36.209,49.72,True,1782.938,38.237,46.63,True
AL-3_v011,AL-3,Algorithmic,hard,False,2.0,8726.474,77.822,112.13,True,3387.832,36.352,93.2,True,3419.415,35.027,97.62,True,3441.19,37.876,90.85,True,3379.588,34.252,98.67,True
AL-3_v012,AL-3,Algorithmic,hard,False,2.0,5447.055,78.25,69.61,True,2120.22,37.111,57.13,True,2115.589,37.113,57.0,True,2126.785,35.403,60.07,True,2122.823,38.076,55.75,True
AL-3_v013,AL-3,Algorithmic,hard,False,2.0,7038.223,77.589,90.71,True,2774.071,37.32,74.33,True,2793.027,36.37,76.79,True,2819.011,36.643,76.93,True,2745.595,35.885,76.51,True
AL-3_v014,AL-3,Algorithmic,hard,False,2.0,8831.972,76.19,115.92,True,3417.92,39.24,87.1,True,3425.799,34.621,98.95,True,3390.66,35.711,94.95,True,3315.292,38.594,85.9,True
AL-4_v000,AL-4,Algorithmic,hard,False,2.0,2862.623,0.000305,2862623.0,True,1335.649,0.000107,1335649.0,True,1324.444,0.000117,1324444.0,True,1330.993,0.00011,1330993.0,True,1339.657,2.8e-05,1339657.0,True
AL-4_v001,AL-4,Algorithmic,hard,False,2.0,11152.929,0.000337,11152929.0,True,5066.248,0.00011,5066248.0,True,5096.243,0.000111,5096243.0,True,5133.733,0.000111,5133733.0,True,5150.837,2.6e-05,5150837.0,True
AL-4_v002,AL-4,Algorithmic,hard,False,2.0,5436.133,0.000321,5436133.0,True,2497.406,0.000125,2497406.0,True,2415.68,0.00011,2415680.0,True,2426.314,0.000105,2426314.0,True,2450.947,2.8e-05,2450947.0,True
AL-4_v003,AL-4,Algorithmic,hard,False,2.0,1497.478,0.000291,1497478.0,True,696.665,0.000103,696665.0,True,669.518,0.000105,669518.0,True,682.16,0.000102,682160.0,True,692.865,2.9e-05,692865.0,True
AL-4_v004,AL-4,Algorithmic,hard,False,2.0,5726.967,0.000298,5726967.0,True,2679.652,0.000108,2679652.0,True,2584.458,0.000115,2584458.0,True,2664.762,0.000103,2664762.0,True,2569.927,3.5e-05,2569927.0,True
AL-4_v005,AL-4,Algorithmic,hard,False,2.0,10744.529,0.000333,10744529.0,True,5050.242,0.000112,5050242.0,True,5207.393,0.000111,5207393.0,True,4927.735,0.000104,4927735.0,True,4826.634,2.4e-05,4826634.0,True
AL-4_v006,AL-4,Algorithmic,hard,False,2.0,2806.171,0.000292,2806171.0,True,1303.905,0.000101,1303905.0,True,1297.756,0.000103,1297756.0,True,1322.191,0.000114,1322191.0,True,1295.602,3.8e-05,1295602.0,True
AL-4_v007,AL-4,Algorithmic,hard,False,2.0,2806.8,0.00028,2806800.0,True,1332.494,9.4e-05,1332494.0,True,1272.946,0.000108,1272946.0,True,1286.532,0.000104,1286532.0,True,1317.534,3.1e-05,1317534.0,True
AL-4_v008,AL-4,Algorithmic,hard,False,2.0,724.893,0.000256,724893.0,True,338.496,9.6e-05,338496.0,True,348.351,9.5e-05,348351.0,True,348.207,9.8e-05,348207.0,True,348.43,2.4e-05,348430.0,True
AL-4_v009,AL-4,Algorithmic,hard,False,2.0,711.299,0.000263,711299.0,True,333.61,9.3e-05,333610.0,True,337.385,9.4e-05,337385.0,True,346.95,9.4e-05,346950.0,True,342.717,2.3e-05,342717.0,True
AL-4_v010,AL-4,Algorithmic,hard,False,2.0,2735.854,0.000297,2735854.0,True,1290.001,0.000109,1290001.0,True,1258.471,0.000108,1258471.0,True,1276.014,0.000105,1276014.0,True,1309.992,4e-05,1309992.0,True
AL-4_v011,AL-4,Algorithmic,hard,False,2.0,2771.926,0.000292,2771926.0,True,1322.23,0.000101,1322230.0,True,1278.446,0.000103,1278446.0,True,1345.944,0.0001,1345944.0,True,1349.431,2.5e-05,1349431.0,True
AL-4_v012,AL-4,Algorithmic,hard,False,2.0,1340.213,0.000283,1340213.0,True,622.664,9.8e-05,622664.0,True,621.215,9.9e-05,621215.0,True,595.205,9.6e-05,595205.0,True,617.414,2.3e-05,617414.0,True
AL-4_v013,AL-4,Algorithmic,hard,False,2.0,2726.937,0.000265,2726937.0,True,1317.751,0.000102,1317751.0,True,1364.699,0.000107,1364699.0,True,1356.265,0.000102,1356265.0,True,1335.358,2.5e-05,1335358.0,True
AL-4_v014,AL-4,Algorithmic,hard,False,2.0,1326.105,0.000271,1326105.0,True,643.103,9.7e-05,643103.0,True,629.482,9.8e-05,629482.0,True,668.2,0.000102,668200.0,True,635.135,3e-05,635135.0,True
CF-3_v000,CF-3,Control Flow,hard,False,2.0,4.0582,3.5694,1.14,False,1.3086,0.5336,2.45,True,1.3896,0.5174,2.69,True,1.5182,0.4752,3.19,True,1.246,0.5418,2.3,True
CF-3_v001,CF-3,Control Flow,hard,False,2.0,9.6888,8.6288,1.12,False,3.3986,1.309,2.6,True,3.3584,1.3188,2.55,True,3.2518,1.3148,2.47,True,3.1914,1.3038,2.45,True
CF-3_v002,CF-3,Control Flow,hard,False,2.0,9.802,8.7022,1.13,False,3.5068,1.5898,2.21,True,3.3862,1.2838,2.64,True,3.1218,1.253,2.49,True,2.9742,1.2232,2.43,True
CF-3_v003,CF-3,Control Flow,hard,False,2.0,4.376,4.4354,0.99,False,1.0692,0.2286,4.68,True,1.1086,0.237,4.68,True,1.1914,0.2134,5.58,True,1.2216,0.249,4.91,True
CF-3_v004,CF-3,Control Flow,hard,False,2.0,3.7104,2.7576,1.35,False,1.1254,0.2302,4.89,True,1.145,0.2474,4.63,True,1.1192,0.236,4.74,True,1.0946,0.2272,4.82,True
CF-3_v005,CF-3,Control Flow,hard,False,2.0,3.6384,3.4056,1.07,False,1.137,0.4618,2.46,True,1.254,0.477,2.63,True,1.1982,0.4798,2.5,True,1.1554,0.4604,2.51,True
CF-3_v006,CF-3,Control Flow,hard,False,2.0,18.9772,16.6702,1.14,False,6.085,2.473,2.46,True,6.3464,2.5754,2.46,True,6.054,2.4414,2.48,True,6.0644,2.5256,2.4,True
CF-3_v007,CF-3,Control Flow,hard,False,2.0,3.4114,2.5522,1.34,False,1.0464,0.2182,4.8,True,1.0392,0.241,4.31,True,1.067,0.2268,4.7,True,1.0252,0.214,4.79,True
CF-3_v008,CF-3,Control Flow,hard,False,2.0,3.922,2.61,1.5,False,1.0808,0.2324,4.65,True,1.0682,0.2156,4.95,True,1.0548,0.2274,4.64,True,1.0278,0.2158,4.76,True
CF-3_v009,CF-3,Control Flow,hard,False,2.0,4.0818,4.1558,0.98,False,1.152,0.461,2.5,True,1.0952,0.4796,2.28,True,1.187,0.4862,2.44,True,1.1198,0.481,2.33,True
CF-3_v010,CF-3,Control Flow,hard,False,2.0,8.7296,7.3588,1.19,False,3.0042,1.3302,2.26,True,3.0728,1.2244,2.51,True,2.9918,1.2236,2.45,True,2.973,1.2244,2.43,True
CF-3_v011,CF-3,Control Flow,hard,False,2.0,17.29,15.5232,1.11,False,5.8044,2.4052,2.41,True,6.3924,2.6346,2.43,True,5.8148,2.433,2.39,True,5.7902,2.5048,2.31,True
CF-3_v012,CF-3,Control Flow,hard,False,2.0,19.1084,19.7722,0.97,False,5.9012,1.2714,4.64,True,5.4672,1.3104,4.17,True,5.2236,1.205,4.33,True,5.6446,1.244,4.54,True
CF-3_v013,CF-3,Control Flow,hard,False,2.0,9.7928,10.2074,0.96,False,2.6142,0.5906,4.43,True,2.5642,0.5634,4.55,True,2.6732,0.593,4.51,True,2.5662,0.5688,4.51,True
CF-3_v014,CF-3,Control Flow,hard,False,2.0,10.3122,7.6604,1.35,False,2.9134,1.214,2.4,True,2.9336,1.2742,2.3,True,2.908,1.2054,2.41,True,2.8888,1.2132,2.38,True
CF-4_v000,CF-4,Control Flow,hard,False,2.0,3.1144,2.1822,1.43,False,1.5124,0.215,7.03,True,1.0062,0.2064,4.88,True,1.0416,0.2198,4.74,True,1.0504,0.2296,4.57,True
CF-4_v001,CF-4,Control Flow,hard,False,2.0,20.13,10.007,2.01,True,5.563,1.2424,4.48,True,5.2146,1.2036,4.33,True,5.2506,1.1816,4.44,True,5.2722,1.216,4.34,True
CF-4_v002,CF-4,Control Flow,hard,False,2.0,7.9392,7.19,1.1,False,2.9996,1.2386,2.42,True,2.8998,1.2122,2.39,True,3.4112,1.1388,3.0,True,2.966,1.2146,2.44,True
CF-4_v003,CF-4,Control Flow,hard,False,2.0,8.0524,5.8224,1.38,False,4.0498,1.24,3.27,True,3.0932,1.2384,2.5,True,2.9164,1.2022,2.43,True,3.0968,1.1964,2.59,True
CF-4_v004,CF-4,Control Flow,hard,False,2.0,3.907,2.472,1.58,False,1.6992,0.451,3.77,True,1.1388,0.4606,2.47,True,1.1536,0.4428,2.61,True,1.208,0.4624,2.61,True
CF-4_v005,CF-4,Control Flow,hard,False,2.0,8.9648,5.8698,1.53,False,4.3196,1.1918,3.62,True,2.9068,1.25,2.33,True,3.1362,1.2366,2.54,True,2.8854,1.1466,2.52,True
CF-4_v006,CF-4,Control Flow,hard,False,2.0,8.0844,5.861,1.38,False,4.0922,1.232,3.32,True,2.962,1.2282,2.41,True,3.0326,1.2014,2.52,True,2.896,1.202,2.41,True
CF-4_v007,CF-4,Control Flow,hard,False,2.0,15.9094,10.9616,1.45,False,7.57,1.2298,6.16,True,5.6336,1.1918,4.73,True,5.308,1.2184,4.36,True,5.2262,1.2744,4.1,True
CF-4_v008,CF-4,Control Flow,hard,False,2.0,14.3206,8.325,1.72,False,7.7682,1.1982,6.48,True,5.4082,1.2762,4.24,True,5.2128,1.1612,4.49,True,5.4382,1.1774,4.62,True
CF-4_v009,CF-4,Control Flow,hard,False,2.0,7.6416,7.2418,1.06,False,2.8716,1.1736,2.45,True,2.8764,1.1882,2.42,True,2.852,1.235,2.31,True,2.9086,1.1946,2.43,True
CF-4_v010,CF-4,Control Flow,hard,False,2.0,7.03,4.921,1.43,False,2.6172,0.5922,4.42,True,2.6186,0.612,4.28,True,2.623,0.5728,4.58,True,2.6102,0.5768,4.53,True
CF-4_v011,CF-4,Control Flow,hard,False,2.0,7.7828,7.128,1.09,False,2.9048,1.2526,2.32,True,2.8812,1.221,2.36,True,2.906,1.1828,2.46,True,2.9258,1.1974,2.44,True
CF-4_v012,CF-4,Control Flow,hard,False,2.0,16.6258,11.7582,1.41,False,8.1564,2.4786,3.29,True,5.8234,2.3938,2.43,True,5.7732,2.3802,2.43,True,5.779,2.358,2.45,True
CF-4_v013,CF-4,Control Flow,hard,False,2.0,2.902,1.6056,1.81,False,1.5318,0.2416,6.34,True,1.0282,0.217,4.74,True,1.0382,0.2214,4.69,True,1.1028,0.2182,5.05,True
CF-4_v014,CF-4,Control Flow,hard,False,2.0,8.1184,6.5446,1.24,False,4.0938,1.184,3.46,True,2.9026,1.211,2.4,True,2.825,1.208,2.34,True,2.9522,1.1644,2.54,True
COMP_v000,COMP,Composed,hard,False,2.0,2.345,0.83,2.83,True,1.207,0.442,2.73,True,1.223,0.392,3.12,True,1.643,0.473,3.47,True,1.241,0.396,3.13,True
COMP_v001,COMP,Composed,hard,False,2.0,2.416,0.826,2.92,True,1.261,0.486,2.59,True,1.22,0.374,3.26,True,1.289,0.484,2.66,True,1.28,0.404,3.17,True
COMP_v002,COMP,Composed,hard,False,2.0,4.427,0.025,177.08,True,1.914,0.01,191.4,True,1.906,0.009,211.78,True,1.914,0.009,212.67,True,1.919,0.014,137.07,True
COMP_v003,COMP,Composed,hard,False,2.0,97.55,41.491,2.35,True,58.541,29.857,1.96,False,59.431,33.285,1.79,False,58.57,4.303,13.61,True,59.982,37.263,1.61,False
COMP_v004,COMP,Composed,hard,False,2.0,17.5,2.033,8.61,True,23.135,1.487,15.56,True,16.954,1.15,14.74,True,17.351,0.505,34.36,True,18.589,1.242,14.97,True
COMP_v005,COMP,Composed,hard,False,2.0,48.004,1.344,35.72,True,42.824,0.298,143.7,True,49.477,0.74,66.86,True,44.088,0.421,104.72,True,42.227,0.243,173.77,True
COMP_v006,COMP,Composed,hard,False,2.0,81.565,2.108,38.69,True,70.824,0.53,133.63,True,68.727,0.575,119.53,True,66.211,0.358,184.95,True,75.457,1.003,75.23,True
COMP_v007,COMP,Composed,hard,False,2.0,1077.103,5.938,181.39,True,293.339,1.066,275.18,True,297.083,1.069,277.91,True,307.989,1.047,294.16,True,323.642,1.126,287.43,True
COMP_v008,COMP,Composed,hard,False,2.0,4.776,0.028,170.57,True,1.908,0.01,190.8,True,2.086,0.01,208.6,True,2.138,0.012,178.17,True,1.907,0.01,190.7,True
COMP_v009,COMP,Composed,hard,False,2.0,89.678,41.804,2.15,True,58.916,29.445,2.0,False,61.394,32.072,1.91,False,58.812,4.187,14.05,True,66.125,34.101,1.94,False
COMP_v010,COMP,Composed,hard,False,2.0,1146.764,6.53,175.61,True,292.231,1.09,268.1,True,292.543,1.039,281.56,True,306.143,1.041,294.09,True,323.921,1.118,289.73,True
COMP_v011,COMP,Composed,hard,False,2.0,196.778,0.0,196778.0,True,101.842,0.0,101842.0,True,97.96,0.001,97960.0,True,91.485,0.0,91485.0,True,97.181,0.0,97181.0,True
COMP_v012,COMP,Composed,hard,False,2.0,731.278,9.905,73.83,True,609.232,2.608,233.6,True,606.99,2.711,223.9,True,605.527,2.789,217.11,True,603.955,4.228,142.85,True
COMP_v013,COMP,Composed,hard,False,2.0,718.509,6.238,115.18,True,640.038,1.382,463.12,True,627.992,1.372,457.72,True,643.213,1.433,448.86,True,613.601,1.36,451.18,True
COMP_v014,COMP,Composed,hard,False,2.0,6.662,1.757,3.79,True,6.55,0.985,6.65,True,8.562,1.14,7.51,True,7.255,0.991,7.32,True,6.954,0.989,7.03,True
COMP_v015,COMP,Composed,hard,False,2.0,2.087,0.047,44.4,True,0.936,0.003,312.0,True,0.843,0.003,281.0,True,0.846,0.004,211.5,True,0.854,0.004,213.5,True
COMP_v016,COMP,Composed,hard,False,2.0,1140.127,6.14,185.69,True,327.168,1.2,272.64,True,309.14,1.089,283.88,True,306.504,1.085,282.49,True,294.385,1.045,281.71,True
COMP_v017,COMP,Composed,hard,False,2.0,96.878,43.943,2.2,True,60.646,30.924,1.96,False,60.214,30.413,1.98,False,59.267,4.522,13.11,True,63.739,32.628,1.95,False
COMP_v018,COMP,Composed,hard,False,2.0,782.209,7.015,111.51,True,616.096,1.433,429.93,True,616.105,1.253,491.7,True,616.076,1.537,400.83,True,626.542,1.395,449.13,True
COMP_v019,COMP,Composed,hard,False,2.0,25.009,6.286,3.98,True,9.32,0.615,15.15,True,10.328,2.359,4.38,True,9.736,1.548,6.29,True,8.66,1.001,8.65,True
COMP_v020,COMP,Composed,hard,False,2.0,8.797,1.762,4.99,True,9.04,1.086,8.32,True,9.596,1.144,8.39,True,8.702,1.069,8.14,True,8.642,1.134,7.62,True
COMP_v021,COMP,Composed,hard,False,2.0,89.91,42.89,2.1,True,59.21,29.646,2.0,False,59.186,30.275,1.95,False,60.896,5.76,10.57,True,61.544,32.684,1.88,False
COMP_v022,COMP,Composed,hard,False,2.0,2.029,0.046,44.11,True,0.801,0.005,160.2,True,0.859,0.006,143.17,True,0.875,0.006,145.83,True,0.8,0.006,133.33,True
COMP_v023,COMP,Composed,hard,False,2.0,44.803,1.083,41.37,True,45.59,0.611,74.62,True,41.678,0.578,72.11,True,41.663,0.124,335.99,True,39.456,0.553,71.35,True
COMP_v024,COMP,Composed,hard,False,2.0,1114.794,6.644,167.79,True,301.598,1.085,277.97,True,292.444,1.062,275.37,True,293.174,1.046,280.28,True,307.06,1.086,282.74,True
COMP_v025,COMP,Composed,hard,False,2.0,1117.337,6.14,181.98,True,304.695,1.085,280.82,True,297.904,1.038,287.0,True,291.384,1.047,278.3,True,294.312,1.038,283.54,True
COMP_v026,COMP,Composed,hard,False,2.0,26.258,8.394,3.13,True,13.531,1.693,7.99,True,12.511,1.548,8.08,True,12.451,1.614,7.71,True,12.862,1.69,7.61,True
COMP_v027,COMP,Composed,hard,False,2.0,231.32,0.663,348.9,True,210.689,0.058,3632.57,True,213.594,0.058,3682.66,True,214.969,0.059,3643.54,True,211.729,0.055,3849.62,True
COMP_v028,COMP,Composed,hard,False,2.0,2.061,0.045,45.8,True,0.805,0.003,268.33,True,0.779,0.003,259.67,True,0.788,0.003,262.67,True,0.754,0.003,251.33,True
COMP_v029,COMP,Composed,hard,False,2.0,17.451,1.062,16.43,True,13.417,0.28,47.92,True,14.649,0.268,54.66,True,14.263,0.038,375.34,True,13.275,0.28,47.41,True
COMP_v030,COMP,Composed,hard,False,2.0,228.397,0.865,264.04,True,210.541,0.571,368.72,True,211.523,0.56,377.72,True,214.099,0.125,1712.79,True,208.737,0.551,378.83,True
COMP_v031,COMP,Composed,hard,False,2.0,238.735,0.642,371.86,True,208.814,0.056,3728.82,True,210.834,0.057,3698.84,True,208.25,0.056,3718.75,True,212.059,0.058,3656.19,True
COMP_v032,COMP,Composed,hard,False,2.0,24.001,6.133,3.91,True,9.116,0.584,15.61,True,9.162,0.584,15.69,True,9.325,0.637,14.64,True,8.747,0.615,14.22,True
COMP_v033,COMP,Composed,hard,False,2.0,24.561,6.285,3.91,True,8.788,0.622,14.13,True,9.164,0.599,15.3,True,8.94,0.584,15.31,True,9.143,0.623,14.68,True
COMP_v034,COMP,Composed,hard,False,2.0,17.976,0.981,18.32,True,13.706,0.364,37.65,True,12.722,0.272,46.77,True,14.7,0.134,109.7,True,12.613,0.269,46.89,True
COMP_v035,COMP,Composed,hard,False,2.0,46.366,0.826,56.13,True,42.053,0.525,80.1,True,40.403,0.503,80.32,True,46.974,0.064,733.97,True,40.395,0.506,79.83,True
COMP_v036,COMP,Composed,hard,False,2.0,4.426,0.035,126.46,True,1.91,0.014,136.43,True,1.91,0.023,83.04,True,1.905,0.015,127.0,True,1.915,0.015,127.67,True
COMP_v037,COMP,Composed,hard,False,2.0,5.361,0.001,5361.0,True,2.647,0.0,2647.0,True,2.678,0.001,2678.0,True,2.776,0.001,2776.0,True,2.889,0.001,2889.0,True
COMP_v038,COMP,Composed,hard,False,2.0,17.242,0.921,18.72,True,13.992,0.567,24.68,True,12.561,0.265,47.4,True,13.767,0.037,372.08,True,17.303,0.271,63.85,True
COMP_v039,COMP,Composed,hard,False,2.0,1100.174,5.828,188.77,True,293.768,1.062,276.62,True,292.826,1.046,279.95,True,293.015,1.052,278.53,True,294.182,1.082,271.89,True
COMP_v040,COMP,Composed,hard,False,2.0,1.961,0.061,32.15,True,1.142,0.01,114.2,True,1.208,0.016,75.5,True,1.344,0.014,96.0,True,1.158,0.012,96.5,True
COMP_v041,COMP,Composed,hard,False,2.0,17.153,0.919,18.66,True,13.649,0.281,48.57,True,14.468,0.311,46.52,True,15.21,0.047,323.62,True,14.352,0.477,30.09,True
COMP_v042,COMP,Composed,hard,False,2.0,181.869,0.0,181869.0,True,93.301,0.001,93301.0,True,91.401,0.0,91401.0,True,91.834,0.0,91834.0,True,92.123,0.0,92123.0,True
COMP_v043,COMP,Composed,hard,False,2.0,234.023,0.663,352.98,True,212.052,0.057,3720.21,True,210.51,0.052,4048.27,True,212.06,0.055,3855.64,True,204.308,0.055,3714.69,True
COMP_v044,COMP,Composed,hard,False,2.0,17.212,1.182,14.56,True,13.251,0.409,32.4,True,14.384,0.427,33.69,True,13.433,0.077,174.45,True,12.699,0.44,28.86,True
COMP_v045,COMP,Composed,hard,False,2.0,894.483,9.913,90.23,True,445.835,2.096,212.71,True,440.797,2.239,196.87,True,446.809,2.203,202.82,True,437.053,2.105,207.63,True
COMP_v046,COMP,Composed,hard,False,2.0,2.0,0.045,44.44,True,0.842,0.003,280.67,True,0.79,0.003,263.33,True,0.771,0.003,257.0,True,0.853,0.003,284.33,True
COMP_v047,COMP,Composed,hard,False,2.0,17.456,0.229,76.23,True,15.245,0.191,79.82,True,16.452,0.214,76.88,True,,,,,13.616,0.118,115.39,True
COMP_v048,COMP,Composed,hard,False,2.0,51.094,0.671,76.15,True,42.185,0.053,795.94,True,39.702,0.055,721.85,True,40.185,0.055,730.64,True,38.489,0.069,557.81,True
COMP_v049,COMP,Composed,hard,False,2.0,5.716,0.001,5716.0,True,2.902,0.0,2902.0,True,2.808,0.001,2808.0,True,2.888,0.0,2888.0,True,2.604,0.001,2604.0,True
COMP_v050,COMP,Composed,hard,False,2.0,1180.687,6.034,195.67,True,314.901,1.154,272.88,True,291.691,1.039,280.74,True,293.009,1.039,282.01,True,311.672,1.058,294.59,True
COMP_v051,COMP,Composed,hard,False,2.0,25.414,5.975,4.25,True,9.008,0.604,14.91,True,9.207,0.585,15.74,True,9.456,1.178,8.03,True,8.93,0.655,13.63,True
COMP_v052,COMP,Composed,hard,False,2.0,49.014,0.687,71.34,True,42.54,0.056,759.64,True,39.359,0.057,690.51,True,45.417,0.058,783.05,True,42.277,0.051,828.96,True
COMP_v053,COMP,Composed,hard,False,2.0,728.124,6.263,116.26,True,646.804,1.488,434.68,True,630.983,1.256,502.37,True,637.364,1.732,367.99,True,648.432,1.448,447.81,True
COMP_v054,COMP,Composed,hard,False,2.0,44.394,0.862,51.5,True,41.676,0.596,69.93,True,41.72,0.573,72.81,True,39.908,0.126,316.73,True,43.216,0.598,72.27,True
COMP_v055,COMP,Composed,hard,False,2.0,715.99,6.531,109.63,True,607.5,1.498,405.54,True,616.9,1.946,317.01,True,629.057,1.662,378.49,True,650.049,1.585,410.13,True
COMP_v056,COMP,Composed,hard,False,2.0,2.432,0.891,2.73,True,1.329,0.491,2.71,True,1.325,0.417,3.18,True,1.353,0.491,2.76,True,1.401,0.43,3.26,True
COMP_v057,COMP,Composed,hard,False,2.0,5.722,1.521,3.76,True,6.95,1.086,6.4,True,6.894,0.907,7.6,True,7.889,0.98,8.05,True,8.644,1.169,7.39,True
COMP_v058,COMP,Composed,hard,False,2.0,100.054,44.635,2.24,True,62.834,32.684,1.92,False,62.108,32.098,1.93,False,61.709,5.754,10.72,True,60.679,30.901,1.96,False
COMP_v059,COMP,Composed,hard,False,2.0,19.059,1.226,15.55,True,14.432,0.3,48.11,True,17.174,0.283,60.69,True,14.396,0.041,351.12,True,16.106,0.301,53.51,True
COMP_v060,COMP,Composed,hard,False,2.0,1195.464,6.148,194.45,True,304.959,1.119,272.53,True,307.517,1.054,291.76,True,335.46,1.133,296.08,True,307.859,1.1,279.87,True
COMP_v061,COMP,Composed,hard,False,2.0,1144.435,6.245,183.26,True,311.585,1.111,280.45,True,317.976,1.135,280.16,True,294.682,1.043,282.53,True,306.58,1.135,270.11,True
COMP_v062,COMP,Composed,hard,False,2.0,21.081,1.943,10.85,True,18.744,1.282,14.62,True,18.613,1.377,13.52,True,19.032,0.458,41.55,True,20.345,1.354,15.03,True
COMP_v063,COMP,Composed,hard,False,2.0,56.844,2.332,24.38,True,45.093,1.049,42.99,True,48.598,0.851,57.11,True,45.32,0.36,125.89,True,44.5,0.864,51.5,True
COMP_v064,COMP,Composed,hard,False,2.0,242.903,0.87,279.2,True,213.191,0.657,324.49,True,219.135,0.581,377.17,True,223.36,0.148,1509.19,True,220.068,0.645,341.19,True
COMP_v065,COMP,Composed,hard,False,2.0,237.822,0.862,275.9,True,216.61,0.565,383.38,True,220.085,0.763,288.45,True,222.513,0.135,1648.24,True,215.46,0.554,388.92,True
COMP_v066,COMP,Composed,hard,False,2.0,7.132,1.093,6.53,True,8.525,0.284,30.02,True,8.131,0.205,39.66,True,7.734,0.238,32.5,True,6.894,0.152,45.36,True
COMP_v067,COMP,Composed,hard,False,2.0,259.083,0.947,273.58,True,220.356,0.148,1488.89,True,220.137,0.282,780.63,True,212.559,0.058,3664.81,True,214.632,0.056,3832.71,True
COMP_v068,COMP,Composed,hard,False,2.0,48.349,0.917,52.73,True,40.88,0.525,77.87,True,43.712,0.567,77.09,True,45.761,0.063,726.37,True,44.502,0.724,61.47,True
COMP_v069,COMP,Composed,hard,False,2.0,99.611,43.694,2.28,True,64.789,31.582,2.05,True,58.909,30.786,1.91,False,59.251,1.902,31.15,True,59.149,30.754,1.92,False
COMP_v070,COMP,Composed,hard,False,2.0,6.17,1.051,5.87,True,7.636,0.215,35.52,True,6.807,0.145,46.94,True,6.169,0.103,59.89,True,6.224,0.107,58.17,True
COMP_v071,COMP,Composed,hard,False,2.0,2.654,0.047,56.47,True,0.8,0.003,266.67,True,0.817,0.003,272.33,True,0.788,0.003,262.67,True,0.761,0.003,253.67,True
COMP_v072,COMP,Composed,hard,False,2.0,1.855,0.155,11.97,True,3.193,0.079,40.42,True,1.499,0.079,18.97,True,1.545,0.077,20.06,True,4.044,0.088,45.95,True
COMP_v073,COMP,Composed,hard,False,2.0,2.498,0.886,2.82,True,1.261,0.465,2.71,True,1.312,0.405,3.24,True,1.3,0.487,2.67,True,1.295,0.381,3.4,True
COMP_v074,COMP,Composed,hard,False,2.0,5.452,0.001,5452.0,True,2.81,0.001,2810.0,True,2.601,0.001,2601.0,True,2.718,0.001,2718.0,True,2.596,0.001,2596.0,True
COMP_v075,COMP,Composed,hard,False,2.0,5.637,0.001,5637.0,True,2.773,0.001,2773.0,True,2.683,0.001,2683.0,True,2.793,0.001,2793.0,True,2.789,0.001,2789.0,True
COMP_v076,COMP,Composed,hard,False,2.0,22.385,8.086,2.77,True,12.982,1.588,8.18,True,15.2,1.715,8.86,True,15.202,1.465,10.38,True,12.725,1.503,8.47,True
COMP_v077,COMP,Composed,hard,False,2.0,89.174,36.758,2.43,True,58.187,1.217,47.81,True,57.884,1.241,46.64,True,58.344,1.277,45.69,True,57.951,1.151,50.35,True
COMP_v078,COMP,Composed,hard,False,2.0,1.309,0.387,3.38,True,1.026,0.119,8.62,True,1.022,0.104,9.83,True,1.031,0.102,10.11,True,1.022,0.117,8.74,True
COMP_v079,COMP,Composed,hard,False,2.0,1.932,0.053,36.45,True,1.216,0.007,173.71,True,1.26,0.008,157.5,True,1.126,0.006,187.67,True,1.197,0.011,108.82,True
COMP_v080,COMP,Composed,hard,False,2.0,17.508,0.893,19.61,True,13.475,0.041,328.66,True,12.596,0.037,340.43,True,13.339,0.037,360.51,True,12.671,0.037,342.46,True
COMP_v081,COMP,Composed,hard,False,2.0,181.453,0.0,181453.0,True,92.715,0.0,92715.0,True,91.838,0.001,91838.0,True,91.206,0.0,91206.0,True,93.675,0.0,93675.0,True
COMP_v082,COMP,Composed,hard,False,2.0,1.28,0.161,7.95,True,1.468,0.075,19.57,True,1.343,0.078,17.22,True,1.35,0.076,17.76,True,1.338,0.107,12.5,True
COMP_v083,COMP,Composed,hard,False,2.0,91.48,41.994,2.18,True,59.211,29.561,2.0,False,61.655,30.291,2.04,True,58.587,1.642,35.68,True,58.633,30.521,1.92,False
COMP_v084,COMP,Composed,hard,False,2.0,49.537,1.546,32.04,True,41.904,0.771,54.35,True,41.059,0.774,53.05,True,41.44,0.367,112.92,True,45.008,0.804,55.98,True
COMP_v085,COMP,Composed,hard,False,2.0,17.999,1.053,17.09,True,13.722,0.405,33.88,True,12.62,0.406,31.08,True,13.215,0.078,169.42,True,14.068,0.406,34.65,True
COMP_v086,COMP,Composed,hard,False,2.0,4.41,0.033,133.64,True,1.998,0.013,153.69,True,1.912,0.018,106.22,True,1.911,0.015,127.4,True,1.91,0.013,146.92,True
COMP_v087,COMP,Composed,hard,False,2.0,17.179,1.051,16.35,True,12.601,0.405,31.11,True,12.674,0.403,31.45,True,12.972,0.079,164.2,True,13.115,0.402,32.62,True
COMP_v088,COMP,Composed,hard,False,2.0,18.027,1.011,17.83,True,12.901,0.268,48.14,True,12.629,0.267,47.3,True,13.372,0.036,371.44,True,12.734,0.266,47.87,True
COMP_v089,COMP,Composed,hard,False,2.0,6.442,1.361,4.73,True,6.199,0.618,10.03,True,6.444,0.623,10.34,True,6.42,0.608,10.56,True,6.218,0.626,9.93,True
COMP_v090,COMP,Composed,hard,False,2.0,2.186,0.058,37.69,True,1.264,0.013,97.23,True,1.144,0.01,114.4,True,1.137,0.01,113.7,True,1.376,0.017,80.94,True
COMP_v091,COMP,Composed,hard,False,2.0,1.621,0.413,3.92,True,1.094,0.217,5.04,True,1.076,0.22,4.89,True,1.047,0.145,7.22,True,1.075,0.226,4.76,True
COMP_v092,COMP,Composed,hard,False,2.0,5.185,1.219,4.25,True,6.393,0.611,10.46,True,6.233,0.609,10.23,True,6.291,0.618,10.18,True,7.166,0.708,10.12,True
COMP_v093,COMP,Composed,hard,False,2.0,2.389,0.877,2.72,True,1.204,0.46,2.62,True,1.27,0.416,3.05,True,1.23,0.467,2.63,True,1.323,0.423,3.13,True
COMP_v094,COMP,Composed,hard,False,2.0,22.183,8.176,2.71,True,12.771,1.601,7.98,True,12.802,1.543,8.3,True,18.346,1.847,9.93,True,14.487,1.762,8.22,True
COMP_v095,COMP,Composed,hard,False,2.0,22.904,5.868,3.9,True,9.059,0.587,15.43,True,8.871,0.587,15.11,True,8.89,1.022,8.7,True,9.4,1.091,8.62,True
COMP_v096,COMP,Composed,hard,False,2.0,20.98,5.834,3.6,True,9.032,0.592,15.26,True,9.204,0.806,11.42,True,9.072,1.142,7.94,True,8.917,0.579,15.4,True
COMP_v097,COMP,Composed,hard,False,2.0,17.275,1.055,16.37,True,12.777,0.405,31.55,True,14.551,0.43,33.84,True,14.157,0.073,193.93,True,14.424,0.452,31.91,True
COMP_v098,COMP,Composed,hard,False,2.0,4.71,0.028,168.21,True,1.903,0.009,211.44,True,1.909,0.011,173.55,True,2.077,0.014,148.36,True,2.143,0.013,164.85,True
COMP_v099,COMP,Composed,hard,False,2.0,1.533,0.404,3.79,True,1.178,0.267,4.41,True,1.182,0.236,5.01,True,1.183,0.138,8.57,True,1.165,0.224,5.2,True
COMP_v100,COMP,Composed,hard,False,2.0,693.032,6.461,107.26,True,642.635,1.562,411.42,True,634.678,1.491,425.67,True,613.11,1.401,437.62,True,621.462,1.387,448.06,True
COMP_v101,COMP,Composed,hard,False,2.0,719.255,6.712,107.16,True,623.629,1.61,387.35,True,619.439,1.447,428.09,True,622.181,1.454,427.91,True,632.823,1.458,434.03,True
COMP_v102,COMP,Composed,hard,False,2.0,5.168,0.84,6.15,True,8.17,0.284,28.77,True,7.754,0.241,32.17,True,7.179,0.183,39.23,True,7.214,0.19,37.97,True
COMP_v103,COMP,Composed,hard,False,2.0,738.297,6.578,112.24,True,639.894,1.555,411.51,True,622.002,1.466,424.29,True,627.96,1.535,409.09,True,618.415,1.353,457.07,True
COMP_v104,COMP,Composed,hard,False,2.0,6.115,1.462,4.18,True,8.81,0.903,9.76,True,7.33,0.725,10.11,True,6.732,0.693,9.71,True,6.521,0.68,9.59,True
COMP_v105,COMP,Composed,hard,False,2.0,2.073,0.047,44.11,True,0.969,0.007,138.43,True,0.858,0.006,143.0,True,0.836,0.007,119.43,True,0.831,0.006,138.5,True
COMP_v106,COMP,Composed,hard,False,2.0,18.899,1.089,17.35,True,13.481,0.283,47.64,True,13.57,0.287,47.28,True,14.402,0.04,360.05,True,13.687,0.289,47.36,True
COMP_v107,COMP,Composed,hard,False,2.0,5.812,0.002,2906.0,True,2.865,0.0,2865.0,True,2.741,0.001,2741.0,True,3.005,0.001,3005.0,True,2.818,0.001,2818.0,True
COMP_v108,COMP,Composed,hard,False,2.0,2.244,0.048,46.75,True,0.83,0.003,276.67,True,0.784,0.003,261.33,True,0.787,0.003,262.33,True,0.755,0.003,251.67,True
COMP_v109,COMP,Composed,hard,False,2.0,1.44,0.161,8.94,True,1.542,0.076,20.29,True,1.309,0.074,17.69,True,1.493,0.077,19.39,True,1.418,0.078,18.18,True
COMP_v110,COMP,Composed,hard,False,2.0,2.297,0.054,42.54,True,0.795,0.006,132.5,True,0.795,0.006,132.5,True,0.782,0.007,111.71,True,0.795,0.006,132.5,True
COMP_v111,COMP,Composed,hard,False,2.0,5.165,0.857,6.03,True,6.351,0.542,11.72,True,6.579,0.539,12.21,True,6.236,0.096,64.96,True,6.32,0.588,10.75,True
COMP_v112,COMP,Composed,hard,False,2.0,17.371,1.677,10.36,True,16.101,1.25,12.88,True,15.693,1.147,13.68,True,16.168,0.407,39.72,True,16.168,1.2,13.47,True
COMP_v113,COMP,Composed,hard,False,2.0,17.156,0.748,22.94,True,12.872,0.037,347.89,True,13.523,0.049,275.98,True,14.455,0.037,390.68,True,14.842,0.042,353.38,True
COMP_v114,COMP,Composed,hard,False,2.0,1.388,0.41,3.39,True,1.02,0.118,8.64,True,1.085,0.105,10.33,True,1.054,0.102,10.33,True,1.115,0.129,8.64,True
COMP_v115,COMP,Composed,hard,False,2.0,11.266,1.275,8.84,True,13.952,0.16,87.2,True,13.363,0.132,101.23,True,12.444,0.094,132.38,True,14.923,0.219,68.14,True
COMP_v116,COMP,Composed,hard,False,2.0,1.974,0.045,43.87,True,0.966,0.007,138.0,True,0.82,0.006,136.67,True,0.846,0.006,141.0,True,0.855,0.007,122.14,True
COMP_v117,COMP,Composed,hard,False,2.0,5.916,1.412,4.19,True,10.302,1.165,8.84,True,8.336,1.088,7.66,True,7.98,1.324,6.03,True,8.763,1.146,7.65,True
COMP_v118,COMP,Composed,hard,False,2.0,269.454,0.947,284.53,True,234.281,0.056,4183.59,True,257.908,0.055,4689.24,True,223.813,0.059,3793.44,True,214.569,0.068,3155.43,True
COMP_v119,COMP,Composed,hard,False,2.0,5.604,0.001,5604.0,True,3.197,0.004,799.25,True,2.915,0.001,2915.0,True,2.944,0.001,2944.0,True,2.798,0.001,2798.0,True
COMP_v120,COMP,Composed,hard,False,2.0,51.066,1.769,28.87,True,50.205,0.869,57.77,True,48.028,0.838,57.31,True,47.392,0.337,140.63,True,45.753,0.806,56.77,True
COMP_v121,COMP,Composed,hard,False,2.0,93.641,44.646,2.1,True,85.277,35.715,2.39,True,65.226,31.242,2.09,True,59.091,4.3,13.74,True,81.202,33.455,2.43,True
COMP_v122,COMP,Composed,hard,False,2.0,2.55,0.835,3.05,True,1.274,0.465,2.74,True,1.437,0.208,6.91,True,1.385,0.495,2.8,True,1.245,0.413,3.01,True
COMP_v123,COMP,Composed,hard,False,2.0,1190.393,7.046,168.95,True,313.021,1.097,285.34,True,306.361,1.101,278.26,True,333.084,1.509,220.73,True,295.793,1.101,268.66,True
COMP_v124,COMP,Composed,hard,False,2.0,31.471,10.308,3.05,True,21.879,2.904,7.53,True,23.092,3.041,7.59,True,21.763,2.919,7.46,True,22.088,2.791,7.91,True
COMP_v125,COMP,Composed,hard,False,2.0,2.092,0.047,44.51,True,1.028,0.005,205.6,True,0.784,0.003,261.33,True,0.755,0.002,377.5,True,0.807,0.003,269.0,True
COMP_v126,COMP,Composed,hard,False,2.0,6.336,0.016,396.0,True,3.035,0.001,3035.0,True,2.802,0.0,2802.0,True,2.578,0.0,2578.0,True,2.757,0.0,2757.0,True
COMP_v127,COMP,Composed,hard,False,2.0,19.786,0.788,25.11,True,13.05,0.036,362.5,True,13.241,0.038,348.45,True,15.374,0.039,394.21,True,13.2,0.038,347.37,True
COMP_v128,COMP,Composed,hard,False,2.0,257.004,0.92,279.35,True,227.715,0.566,402.32,True,217.787,0.54,403.31,True,213.415,0.062,3442.18,True,222.481,0.545,408.22,True
COMP_v129,COMP,Composed,hard,False,2.0,193.184,0.001,193184.0,True,101.918,0.001,101918.0,True,98.012,0.0,98012.0,True,94.244,0.0,94244.0,True,98.776,0.001,98776.0,True
COMP_v130,COMP,Composed,hard,False,2.0,2.19,0.047,46.6,True,0.774,0.003,258.0,True,0.833,0.004,208.25,True,0.825,0.003,275.0,True,0.808,0.003,269.33,True
COMP_v131,COMP,Composed,hard,False,2.0,20.244,6.374,3.18,True,9.194,1.124,8.18,True,10.045,1.308,7.68,True,8.834,1.025,8.62,True,9.307,1.302,7.15,True
COMP_v132,COMP,Composed,hard,False,2.0,2.152,0.049,43.92,True,1.038,0.008,129.75,True,0.832,0.006,138.67,True,0.785,0.006,130.83,True,0.776,0.006,129.33,True
COMP_v133,COMP,Composed,hard,False,2.0,1125.17,6.02,186.91,True,303.934,1.089,279.09,True,305.543,1.134,269.44,True,293.098,1.044,280.75,True,306.975,1.087,282.41,True
COMP_v134,COMP,Composed,hard,False,2.0,2.377,0.86,2.76,True,1.237,0.47,2.63,True,1.336,0.405,3.3,True,1.352,0.493,2.74,True,1.299,0.371,3.5,True
COMP_v135,COMP,Composed,hard,False,2.0,2.102,0.046,45.7,True,0.83,0.003,276.67,True,0.798,0.003,266.0,True,0.767,0.003,255.67,True,0.811,0.003,270.33,True
COMP_v136,COMP,Composed,hard,False,2.0,18.152,0.27,67.23,True,16.502,0.114,144.75,True,13.736,0.111,123.75,True,,,,,16.574,0.132,125.56,True
COMP_v137,COMP,Composed,hard,False,2.0,184.851,0.0,184851.0,True,99.184,0.0,99184.0,True,91.237,0.0,91237.0,True,90.893,0.0,90893.0,True,95.311,0.0,95311.0,True
COMP_v138,COMP,Composed,hard,False,2.0,22.978,5.846,3.93,True,9.025,0.99,9.12,True,9.29,1.358,6.84,True,9.125,1.728,5.28,True,8.697,1.047,8.31,True
COMP_v139,COMP,Composed,hard,False,2.0,4.904,0.042,116.76,True,1.908,0.01,190.8,True,1.994,0.01,199.4,True,1.911,0.011,173.73,True,1.906,0.01,190.6,True
COMP_v140,COMP,Composed,hard,False,2.0,82.324,36.483,2.26,True,57.686,1.222,47.21,True,58.75,1.429,41.11,True,58.343,1.462,39.91,True,58.055,1.276,45.5,True
COMP_v141,COMP,Composed,hard,False,2.0,22.272,2.189,10.17,True,19.488,1.296,15.04,True,21.204,1.328,15.97,True,17.3,0.462,37.45,True,20.15,1.363,14.78,True
COMP_v142,COMP,Composed,hard,False,2.0,8.643,1.265,6.83,True,11.749,0.902,13.03,True,8.15,0.679,12.0,True,8.051,0.377,21.36,True,9.035,0.721,12.53,True
COMP_v143,COMP,Composed,hard,False,2.0,4.425,0.03,147.5,True,1.995,0.01,199.5,True,1.904,0.01,190.4,True,2.025,0.012,168.75,True,1.969,0.018,109.39,True
COMP_v144,COMP,Composed,hard,False,2.0,6.37,0.998,6.38,True,7.336,0.185,39.65,True,8.039,0.27,29.77,True,7.5,0.214,35.05,True,7.368,0.214,34.43,True
COMP_v145,COMP,Composed,hard,False,2.0,4.597,0.027,170.26,True,1.907,0.01,190.7,True,1.912,0.009,212.44,True,2.002,0.01,200.2,True,2.113,0.016,132.06,True
COMP_v146,COMP,Composed,hard,False,2.0,6.506,1.018,6.39,True,7.093,0.678,10.46,True,6.96,0.571,12.19,True,7.571,0.217,34.89,True,9.199,0.927,9.92,True
COMP_v147,COMP,Composed,hard,False,2.0,57.486,1.666,34.51,True,45.755,1.293,35.39,True,45.68,0.852,53.62,True,47.858,0.682,70.17,True,44.848,0.863,51.97,True
COMP_v148,COMP,Composed,hard,False,2.0,32.02,10.172,3.15,True,25.489,3.078,8.28,True,24.934,3.106,8.03,True,23.087,2.934,7.87,True,23.327,3.106,7.51,True
COMP_v149,COMP,Composed,hard,False,2.0,7.838,1.732,4.53,True,7.833,0.825,9.49,True,7.836,0.741,10.57,True,7.562,0.765,9.88,True,6.87,0.686,10.01,True
COMP_v150,COMP,Composed,hard,False,2.0,22.536,0.496,45.44,True,15.558,0.115,135.29,True,12.786,0.105,121.77,True,,,,,13.436,0.121,111.04,True
COMP_v151,COMP,Composed,hard,False,2.0,700.28,6.559,106.77,True,613.913,1.591,385.87,True,622.773,1.21,514.69,True,660.529,1.721,383.81,True,675.538,1.629,414.69,True
COMP_v152,COMP,Composed,hard,False,2.0,2.409,0.903,2.67,True,1.254,0.472,2.66,True,1.401,0.425,3.3,True,1.271,0.471,2.7,True,1.532,0.483,3.17,True
COMP_v153,COMP,Composed,hard,False,2.0,54.494,1.881,28.97,True,45.653,0.845,54.03,True,44.52,0.797,55.86,True,47.878,0.535,89.49,True,45.875,1.122,40.89,True
COMP_v154,COMP,Composed,hard,False,2.0,5.852,0.001,5852.0,True,2.721,0.002,1360.5,True,2.703,0.0,2703.0,True,3.099,0.0,3099.0,True,2.946,0.0,2946.0,True
COMP_v155,COMP,Composed,hard,False,2.0,1216.354,5.958,204.15,True,320.819,1.227,261.47,True,351.78,1.319,266.7,True,343.655,1.471,233.62,True,346.295,1.175,294.72,True
COMP_v156,COMP,Composed,hard,False,2.0,195.173,0.0,195173.0,True,110.129,0.0,110129.0,True,102.42,0.0,102420.0,True,107.482,0.0,107482.0,True,98.126,0.0,98126.0,True
COMP_v157,COMP,Composed,hard,False,2.0,722.984,6.308,114.61,True,711.172,1.406,505.81,True,680.762,1.615,421.52,True,663.967,1.511,439.42,True,638.183,1.473,433.25,True
COMP_v158,COMP,Composed,hard,False,2.0,731.651,6.493,112.68,True,661.489,1.703,388.43,True,661.018,1.443,458.09,True,631.542,1.537,410.89,True,624.943,1.421,439.79,True
COMP_v159,COMP,Composed,hard,False,2.0,790.322,10.168,77.73,True,642.319,3.2,200.72,True,649.696,3.701,175.55,True,621.46,3.247,191.4,True,631.07,2.804,225.06,True
COMP_v160,COMP,Composed,hard,False,2.0,91.717,2.475,37.06,True,84.726,0.702,120.69,True,78.395,0.629,124.63,True,69.872,0.166,420.92,True,71.544,0.662,108.07,True
COMP_v161,COMP,Composed,hard,False,2.0,1.891,0.529,3.57,True,1.365,0.314,4.35,True,1.219,0.246,4.96,True,1.178,0.167,7.05,True,1.174,0.243,4.83,True
COMP_v162,COMP,Composed,hard,False,2.0,1178.823,6.534,180.41,True,318.394,1.19,267.56,True,323.915,1.167,277.56,True,306.514,1.146,267.46,True,318.745,1.12,284.59,True
COMP_v163,COMP,Composed,hard,False,2.0,4.775,0.031,154.03,True,2.185,0.011,198.64,True,2.143,0.011,194.82,True,2.054,0.011,186.73,True,2.002,0.01,200.2,True
COMP_v164,COMP,Composed,hard,False,2.0,4.998,0.042,119.0,True,2.056,0.015,137.07,True,2.056,0.015,137.07,True,2.057,0.016,128.56,True,2.057,0.018,114.28,True
COMP_v165,COMP,Composed,hard,False,2.0,94.097,45.137,2.08,True,59.757,32.191,1.86,False,62.035,31.596,1.96,False,63.744,5.923,10.76,True,60.628,31.679,1.91,False
COMP_v166,COMP,Composed,hard,False,2.0,5.808,0.001,5808.0,True,3.132,0.001,3132.0,True,2.893,0.0,2893.0,True,2.712,0.001,2712.0,True,2.725,0.001,2725.0,True
COMP_v167,COMP,Composed,hard,False,2.0,5.343,0.872,6.13,True,6.544,0.109,60.04,True,6.363,0.104,61.18,True,6.944,0.145,47.89,True,6.546,0.114,57.42,True
COMP_v168,COMP,Composed,hard,False,2.0,914.762,10.973,83.36,True,448.713,2.112,212.46,True,448.748,2.198,204.16,True,466.535,2.288,203.91,True,472.367,2.266,208.46,True
COMP_v169,COMP,Composed,hard,False,2.0,4.678,0.031,150.9,True,2.066,0.011,187.82,True,2.07,0.011,188.18,True,2.0,0.011,181.82,True,2.054,0.011,186.73,True
COMP_v170,COMP,Composed,hard,False,2.0,696.37,9.529,73.08,True,624.16,2.742,227.63,True,619.612,2.808,220.66,True,627.242,2.725,230.18,True,645.187,2.776,232.42,True
COMP_v171,COMP,Composed,hard,False,2.0,3.188,0.153,20.84,True,3.24,0.095,34.11,True,3.183,0.093,34.23,True,3.2,0.091,35.16,True,3.789,0.092,41.18,True
COMP_v172,COMP,Composed,hard,False,2.0,26.107,7.313,3.57,True,11.918,1.192,10.0,True,11.895,1.564,7.61,True,12.465,1.584,7.87,True,12.109,1.215,9.97,True
COMP_v173,COMP,Composed,hard,False,2.0,4.981,0.88,5.66,True,6.407,0.545,11.76,True,6.396,0.583,10.97,True,6.422,0.109,58.92,True,7.267,0.676,10.75,True
COMP_v174,COMP,Composed,hard,False,2.0,53.185,1.458,36.48,True,45.631,0.309,147.67,True,45.658,0.326,140.06,True,44.331,0.322,137.67,True,43.607,0.255,171.01,True
COMP_v175,COMP,Composed,hard,False,2.0,719.742,10.466,68.77,True,622.416,2.946,211.27,True,642.847,2.705,237.65,True,620.209,2.973,208.61,True,627.942,2.914,215.49,True
COMP_v176,COMP,Composed,hard,False,2.0,11.792,1.351,8.73,True,14.057,0.159,88.41,True,13.393,0.124,108.01,True,13.994,0.181,77.31,True,13.78,0.163,84.54,True
COMP_v177,COMP,Composed,hard,False,2.0,49.253,0.888,55.47,True,44.444,0.623,71.34,True,45.509,0.662,68.74,True,44.324,0.132,335.79,True,42.509,0.596,71.32,True
COMP_v178,COMP,Composed,hard,False,2.0,949.001,11.716,81.0,True,471.688,2.212,213.24,True,460.722,2.096,219.81,True,460.929,2.186,210.85,True,467.725,2.386,196.03,True
COMP_v179,COMP,Composed,hard,False,2.0,4.771,0.027,176.7,True,2.144,0.012,178.67,True,2.062,0.01,206.2,True,2.055,0.011,186.82,True,2.142,0.01,214.2,True
COMP_v180,COMP,Composed,hard,False,2.0,196.45,0.0,196450.0,True,104.488,0.001,104488.0,True,96.28,0.0,96280.0,True,94.761,0.0,94761.0,True,96.381,0.0,96381.0,True
COMP_v181,COMP,Composed,hard,False,2.0,711.645,10.096,70.49,True,626.7,2.755,227.48,True,629.141,2.767,227.37,True,614.122,3.032,202.55,True,627.498,3.054,205.47,True
COMP_v182,COMP,Composed,hard,False,2.0,1.47,0.44,3.34,True,1.077,0.125,8.62,True,1.075,0.107,10.05,True,1.134,0.109,10.4,True,1.04,0.119,8.74,True
COMP_v183,COMP,Composed,hard,False,2.0,5.17,0.92,5.62,True,6.788,0.594,11.43,True,6.441,0.537,11.99,True,6.569,0.112,58.65,True,6.784,0.621,10.92,True
COMP_v184,COMP,Composed,hard,False,2.0,24.685,8.842,2.79,True,13.215,1.638,8.07,True,13.689,1.611,8.5,True,13.422,1.705,7.87,True,14.219,1.8,7.9,True
COMP_v185,COMP,Composed,hard,False,2.0,251.973,0.691,364.65,True,223.96,0.058,3861.38,True,238.82,0.063,3790.79,True,216.314,0.056,3862.75,True,218.224,0.057,3828.49,True
COMP_v186,COMP,Composed,hard,False,2.0,4.773,0.045,106.07,True,2.342,0.015,156.13,True,1.995,0.014,142.5,True,2.15,0.014,153.57,True,2.062,0.015,137.47,True
COMP_v187,COMP,Composed,hard,False,2.0,1.336,0.178,7.51,True,5.185,0.08,64.81,True,5.576,0.076,73.37,True,5.038,0.073,69.01,True,0.921,0.0,921.0,True
COMP_v188,COMP,Composed,hard,False,2.0,240.971,0.686,351.27,True,233.434,0.06,3890.57,True,229.556,0.057,4027.3,True,221.461,0.059,3753.58,True,222.8,0.062,3593.55,True
COMP_v189,COMP,Composed,hard,False,2.0,744.928,6.841,108.89,True,630.556,1.385,455.28,True,627.679,1.428,439.55,True,625.828,1.514,413.36,True,623.07,1.467,424.72,True
COMP_v190,COMP,Composed,hard,False,2.0,91.011,42.066,2.16,True,59.427,30.636,1.94,False,63.831,33.055,1.93,False,59.267,1.627,36.43,True,58.873,29.605,1.99,False
COMP_v191,COMP,Composed,hard,False,2.0,24.159,8.071,2.99,True,14.258,1.639,8.7,True,14.351,1.776,8.08,True,14.667,1.698,8.64,True,13.773,1.637,8.41,True
COMP_v192,COMP,Composed,hard,False,2.0,5.982,0.001,5982.0,True,3.149,0.001,3149.0,True,3.238,0.002,1619.0,True,2.995,0.001,2995.0,True,2.776,0.0,2776.0,True
COMP_v193,COMP,Composed,hard,False,2.0,46.583,0.89,52.34,True,46.696,0.566,82.5,True,43.557,0.563,77.37,True,43.798,0.065,673.82,True,42.234,0.543,77.78,True
COMP_v194,COMP,Composed,hard,False,2.0,1142.714,6.776,168.64,True,296.567,1.06,279.78,True,303.19,1.243,243.92,True,298.304,1.037,287.66,True,297.955,1.115,267.22,True
COMP_v195,COMP,Composed,hard,False,2.0,6.301,0.975,6.46,True,11.299,0.659,17.15,True,6.44,0.105,61.33,True,6.455,0.11,58.68,True,6.946,0.155,44.81,True
COMP_v196,COMP,Composed,hard,False,2.0,25.189,8.707,2.89,True,13.779,1.748,7.88,True,13.4,1.722,7.78,True,13.851,1.655,8.37,True,13.31,1.594,8.35,True
COMP_v197,COMP,Composed,hard,False,2.0,85.293,1.332,64.03,True,79.324,0.09,881.38,True,72.886,0.119,612.49,True,71.552,0.083,862.07,True,72.806,0.081,898.84,True
COMP_v198,COMP,Composed,hard,False,2.0,930.906,10.541,88.31,True,470.005,2.27,207.05,True,450.181,2.273,198.06,True,447.776,2.102,213.02,True,445.639,2.161,206.22,True
COMP_v199,COMP,Composed,hard,False,2.0,19.254,0.839,22.95,True,13.768,0.035,393.37,True,13.278,0.039,340.46,True,14.091,0.039,361.31,True,14.862,0.064,232.22,True
COMP_v200,COMP,Composed,hard,False,2.0,5.476,1.532,3.57,True,7.352,1.023,7.19,True,6.868,0.943,7.28,True,6.891,0.93,7.41,True,6.993,0.97,7.21,True
COMP_v201,COMP,Composed,hard,False,2.0,25.1,8.118,3.09,True,12.326,1.557,7.92,True,12.298,1.483,8.29,True,12.893,1.585,8.13,True,12.549,1.588,7.9,True
COMP_v202,COMP,Composed,hard,False,2.0,23.872,6.246,3.82,True,9.51,0.624,15.24,True,9.217,0.759,12.14,True,9.045,0.742,12.19,True,9.103,1.051,8.66,True
COMP_v203,COMP,Composed,hard,False,2.0,186.858,0.0,186858.0,True,95.158,0.0,95158.0,True,92.562,0.001,92562.0,True,97.951,0.0,97951.0,True,94.275,0.0,94275.0,True
COMP_v204,COMP,Composed,hard,False,2.0,19.791,1.837,10.77,True,16.877,1.141,14.79,True,21.639,1.371,15.78,True,17.635,0.419,42.09,True,21.93,1.347,16.28,True
COMP_v205,COMP,Composed,hard,False,2.0,1.556,0.505,3.08,True,1.116,0.226,4.94,True,1.151,0.229,5.03,True,1.101,0.153,7.2,True,1.141,0.231,4.94,True
COMP_v206,COMP,Composed,hard,False,2.0,5.474,0.001,5474.0,True,2.769,0.0,2769.0,True,2.768,0.001,2768.0,True,2.664,0.0,2664.0,True,2.801,0.001,2801.0,True
COMP_v207,COMP,Composed,hard,False,2.0,23.688,6.276,3.77,True,8.818,1.205,7.32,True,8.841,1.078,8.2,True,9.13,1.031,8.86,True,9.135,1.484,6.16,True
COMP_v208,COMP,Composed,hard,False,2.0,50.749,1.704,29.78,True,44.932,0.839,53.55,True,43.732,0.884,49.47,True,44.866,0.355,126.38,True,49.163,1.053,46.69,True
COMP_v209,COMP,Composed,hard,False,2.0,9.922,2.021,4.91,True,8.129,0.998,8.15,True,7.774,1.018,7.64,True,7.402,1.114,6.64,True,7.702,1.106,6.96,True
COMP_v210,COMP,Composed,hard,False,2.0,2.431,0.044,55.25,True,0.795,0.003,265.0,True,0.777,0.003,259.0,True,0.811,0.003,270.33,True,0.817,0.003,272.33,True
COMP_v211,COMP,Composed,hard,False,2.0,4.402,0.033,133.39,True,1.937,0.017,113.94,True,2.143,0.015,142.87,True,1.9,0.015,126.67,True,2.527,0.02,126.35,True
COMP_v212,COMP,Composed,hard,False,2.0,4.434,0.027,164.22,True,1.995,0.011,181.36,True,2.138,0.014,152.71,True,2.003,0.01,200.3,True,1.997,0.011,181.55,True
COMP_v213,COMP,Composed,hard,False,2.0,1086.19,6.661,163.07,True,294.319,1.075,273.79,True,312.968,1.101,284.26,True,315.796,1.105,285.79,True,318.736,1.151,276.92,True
COMP_v214,COMP,Composed,hard,False,2.0,727.328,6.703,108.51,True,638.705,1.611,396.46,True,623.215,1.451,429.51,True,634.877,1.445,439.36,True,625.202,1.494,418.48,True
COMP_v215,COMP,Composed,hard,False,2.0,25.309,8.863,2.86,True,9.321,1.142,8.16,True,9.227,0.578,15.96,True,9.552,1.453,6.57,True,9.137,1.099,8.31,True
COMP_v216,COMP,Composed,hard,False,2.0,4.641,0.028,165.75,True,2.01,0.01,201.0,True,2.007,0.01,200.7,True,2.064,0.014,147.43,True,2.064,0.011,187.64,True
COMP_v217,COMP,Composed,hard,False,2.0,34.024,9.573,3.55,True,22.614,3.189,7.09,True,23.284,3.251,7.16,True,22.133,3.113,7.11,True,23.37,3.716,6.29,True
COMP_v218,COMP,Composed,hard,False,2.0,4.769,0.029,164.45,True,1.996,0.01,199.6,True,2.001,0.013,153.92,True,2.057,0.011,187.0,True,2.058,0.01,205.8,True
COMP_v219,COMP,Composed,hard,False,2.0,16.89,1.765,9.57,True,17.266,1.166,14.81,True,22.101,1.462,15.12,True,17.215,0.392,43.92,True,18.997,1.32,14.39,True
COMP_v220,COMP,Composed,hard,False,2.0,26.589,7.378,3.6,True,8.912,1.057,8.43,True,9.091,0.592,15.36,True,9.873,1.204,8.2,True,9.026,1.021,8.84,True
COMP_v221,COMP,Composed,hard,False,2.0,52.391,1.729,30.3,True,42.498,0.808,52.6,True,44.408,0.801,55.44,True,49.7,0.435,114.25,True,46.65,0.831,56.14,True
COMP_v222,COMP,Composed,hard,False,2.0,24.357,6.133,3.97,True,9.57,1.12,8.54,True,9.489,1.044,9.09,True,8.91,1.534,5.81,True,9.098,0.984,9.25,True
COMP_v223,COMP,Composed,hard,False,2.0,205.672,0.001,205672.0,True,94.887,0.0,94887.0,True,91.011,0.001,91011.0,True,90.973,0.0,90973.0,True,92.537,0.0,92537.0,True
COMP_v224,COMP,Composed,hard,False,2.0,28.289,8.86,3.19,True,13.642,1.626,8.39,True,12.662,1.616,7.84,True,13.541,1.585,8.54,True,13.262,1.634,8.12,True
COMP_v225,COMP,Composed,hard,False,2.0,6.475,1.079,6.0,True,7.589,0.204,37.2,True,7.329,0.197,37.2,True,7.404,0.21,35.26,True,7.563,0.19,39.81,True
COMP_v226,COMP,Composed,hard,False,2.0,2.002,0.045,44.49,True,0.838,0.003,279.33,True,0.792,0.003,264.0,True,0.796,0.002,398.0,True,0.995,0.004,248.75,True
COMP_v227,COMP,Composed,hard,False,2.0,6.405,1.004,6.38,True,7.743,0.294,26.34,True,7.441,0.215,34.61,True,7.819,0.213,36.71,True,8.12,0.214,37.94,True
COMP_v228,COMP,Composed,hard,False,2.0,186.228,0.0,186228.0,True,98.046,0.001,98046.0,True,90.569,0.0,90569.0,True,112.255,0.0,112255.0,True,105.766,0.0,105766.0,True
COMP_v229,COMP,Composed,hard,False,2.0,982.724,12.686,77.47,True,486.06,2.354,206.48,True,479.751,2.366,202.77,True,477.145,2.265,210.66,True,488.298,2.265,215.58,True
COMP_v230,COMP,Composed,hard,False,2.0,760.303,7.194,105.69,True,632.38,1.566,403.82,True,626.271,1.497,418.35,True,632.934,1.546,409.4,True,638.277,1.71,373.26,True
COMP_v231,COMP,Composed,hard,False,2.0,780.067,6.497,120.07,True,628.94,1.455,432.26,True,628.147,1.506,417.1,True,636.493,1.507,422.36,True,626.655,1.519,412.54,True
COMP_v232,COMP,Composed,hard,False,2.0,288.43,1.03,280.03,True,233.359,0.629,371.0,True,227.628,0.597,381.29,True,214.383,0.128,1674.87,True,224.57,0.573,391.92,True
COMP_v233,COMP,Composed,hard,False,2.0,1.549,0.463,3.35,True,1.153,0.134,8.6,True,1.096,0.11,9.96,True,1.072,0.108,9.93,True,1.128,0.127,8.88,True
COMP_v234,COMP,Composed,hard,False,2.0,4.825,0.037,130.41,True,2.065,0.017,121.47,True,2.093,0.02,104.65,True,2.061,0.017,121.24,True,2.057,0.015,137.13,True
COMP_v235,COMP,Composed,hard,False,2.0,2.241,0.049,45.73,True,0.836,0.003,278.67,True,0.835,0.003,278.33,True,0.845,0.003,281.67,True,0.839,0.004,209.75,True
COMP_v236,COMP,Composed,hard,False,2.0,6.904,1.781,3.88,True,7.134,1.069,6.67,True,7.556,1.089,6.94,True,7.366,0.974,7.56,True,7.644,1.046,7.31,True
COMP_v237,COMP,Composed,hard,False,2.0,25.936,9.036,2.87,True,14.034,1.754,8.0,True,12.899,1.518,8.5,True,13.675,1.654,8.27,True,12.712,1.487,8.55,True
COMP_v238,COMP,Composed,hard,False,2.0,6.602,1.092,6.05,True,7.458,0.191,39.05,True,7.116,0.171,41.61,True,7.591,0.21,36.15,True,7.261,0.167,43.48,True
COMP_v239,COMP,Composed,hard,False,2.0,4.779,0.029,164.79,True,1.964,0.01,196.4,True,2.008,0.01,200.8,True,1.941,0.01,194.1,True,1.933,0.01,193.3,True
COMP_v240,COMP,Composed,hard,False,2.0,90.552,38.602,2.35,True,58.558,1.549,37.8,True,58.805,1.275,46.12,True,59.617,2.237,26.65,True,59.592,2.294,25.98,True
COMP_v241,COMP,Composed,hard,False,2.0,6.25,1.421,4.4,True,6.892,0.666,10.35,True,6.98,0.652,10.71,True,7.081,0.679,10.43,True,7.633,0.716,10.66,True
COMP_v242,COMP,Composed,hard,False,2.0,25.767,8.149,3.16,True,11.744,2.784,4.22,True,13.36,5.337,2.5,True,11.91,2.795,4.26,True,11.554,2.221,5.2,True
COMP_v243,COMP,Composed,hard,False,2.0,12.369,1.407,8.79,True,14.79,1.138,13.0,True,14.443,1.049,13.77,True,15.967,0.248,64.38,True,23.414,1.556,15.05,True
COMP_v244,COMP,Composed,hard,False,2.0,1157.121,5.996,192.98,True,303.993,1.069,284.37,True,295.816,1.042,283.89,True,304.454,1.066,285.6,True,304.155,1.088,279.55,True
COMP_v245,COMP,Composed,hard,False,2.0,25.364,8.591,2.95,True,13.894,1.738,7.99,True,14.504,1.788,8.11,True,13.848,1.726,8.02,True,14.094,1.696,8.31,True
COMP_v246,COMP,Composed,hard,False,2.0,8.933,1.802,4.96,True,8.535,1.043,8.18,True,9.829,1.113,8.83,True,8.531,1.07,7.97,True,10.649,1.207,8.82,True
COMP_v247,COMP,Composed,hard,False,2.0,196.512,0.0,196512.0,True,93.873,0.0,93873.0,True,92.042,0.0,92042.0,True,96.058,0.001,96058.0,True,98.036,0.0,98036.0,True
COMP_v248,COMP,Composed,hard,False,2.0,185.372,0.001,185372.0,True,97.698,0.0,97698.0,True,97.631,0.0,97631.0,True,95.435,0.0,95435.0,True,97.954,0.001,97954.0,True
COMP_v249,COMP,Composed,hard,False,2.0,55.262,1.875,29.47,True,45.313,0.773,58.62,True,48.007,0.935,51.34,True,43.655,0.424,102.96,True,49.366,0.854,57.81,True
COMP_v250,COMP,Composed,hard,False,2.0,713.662,9.557,74.67,True,618.584,2.839,217.89,True,618.913,2.817,219.71,True,636.283,3.333,190.9,True,623.411,2.947,211.54,True
COMP_v251,COMP,Composed,hard,False,2.0,50.837,0.928,54.78,True,43.836,0.526,83.34,True,44.539,0.547,81.42,True,45.336,0.066,686.91,True,47.832,0.565,84.66,True
COMP_v252,COMP,Composed,hard,False,2.0,6.565,1.047,6.27,True,7.873,0.242,32.53,True,7.806,0.211,37.0,True,7.337,0.194,37.82,True,8.324,0.266,31.29,True
COMP_v253,COMP,Composed,hard,False,2.0,10.41,2.204,4.72,True,9.449,1.199,7.88,True,8.446,1.055,8.01,True,11.732,1.386,8.46,True,10.141,1.234,8.22,True
COMP_v254,COMP,Composed,hard,False,2.0,2.388,0.853,2.8,True,1.402,0.516,2.72,True,1.242,0.38,3.27,True,1.303,0.451,2.89,True,1.384,0.397,3.49,True
COMP_v255,COMP,Composed,hard,False,2.0,977.281,10.662,91.66,True,447.576,2.264,197.69,True,440.127,2.323,189.46,True,456.665,2.096,217.87,True,455.547,2.279,199.89,True
COMP_v256,COMP,Composed,hard,False,2.0,7.376,1.252,5.89,True,7.475,0.599,12.48,True,7.475,0.605,12.36,True,7.535,0.214,35.21,True,7.84,0.654,11.99,True
COMP_v257,COMP,Composed,hard,False,2.0,2.046,0.048,42.62,True,0.643,0.006,107.17,True,0.518,0.004,129.5,True,0.549,0.004,137.25,True,0.694,0.006,115.67,True
COMP_v258,COMP,Composed,hard,False,2.0,5.685,0.001,5685.0,True,3.054,0.001,3054.0,True,2.742,0.001,2742.0,True,2.574,0.001,2574.0,True,2.888,0.001,2888.0,True
COMP_v259,COMP,Composed,hard,False,2.0,52.601,0.969,54.28,True,48.338,0.58,83.34,True,40.165,0.559,71.85,True,41.627,0.133,312.98,True,47.489,0.576,82.45,True
COMP_v260,COMP,Composed,hard,False,2.0,2.166,0.048,45.12,True,0.551,0.004,137.75,True,0.541,0.005,108.2,True,0.64,0.005,128.0,True,1.267,0.007,181.0,True
COMP_v261,COMP,Composed,hard,False,2.0,5.37,0.001,5370.0,True,2.84,0.001,2840.0,True,2.932,0.001,2932.0,True,2.914,0.0,2914.0,True,2.899,0.001,2899.0,True
COMP_v262,COMP,Composed,hard,False,2.0,26.871,8.307,3.23,True,11.469,2.307,4.97,True,11.541,2.091,5.52,True,11.865,2.308,5.14,True,11.852,2.16,5.49,True
COMP_v263,COMP,Composed,hard,False,2.0,717.77,9.768,73.48,True,605.394,2.96,204.53,True,637.544,3.117,204.54,True,610.381,2.911,209.68,True,623.673,3.22,193.69,True
COMP_v264,COMP,Composed,hard,False,2.0,96.946,48.026,2.02,True,58.696,30.184,1.94,False,58.994,30.546,1.93,False,59.418,1.535,38.71,True,59.093,30.251,1.95,False
COMP_v265,COMP,Composed,hard,False,2.0,4.959,0.028,177.11,True,1.9,0.009,211.11,True,2.06,0.011,187.27,True,2.005,0.01,200.5,True,2.007,0.01,200.7,True
COMP_v266,COMP,Composed,hard,False,2.0,174.01,0.001,174010.0,True,96.413,0.001,96413.0,True,101.623,0.0,101623.0,True,91.539,0.0,91539.0,True,97.799,0.001,97799.0,True
COMP_v267,COMP,Composed,hard,False,2.0,1157.08,6.169,187.56,True,296.153,1.073,276.0,True,320.001,1.133,282.44,True,305.133,1.051,290.33,True,322.739,1.175,274.67,True
COMP_v268,COMP,Composed,hard,False,2.0,2.373,0.861,2.76,True,1.408,0.486,2.9,True,1.252,0.51,2.45,True,1.311,0.485,2.7,True,1.486,0.501,2.97,True
COMP_v269,COMP,Composed,hard,False,2.0,1.805,0.46,3.92,True,1.16,0.231,5.02,True,1.158,0.243,4.77,True,1.119,0.153,7.31,True,1.177,0.242,4.86,True
COMP_v270,COMP,Composed,hard,False,2.0,5.881,1.396,4.21,True,7.733,0.728,10.62,True,7.442,0.747,9.96,True,7.248,0.676,10.72,True,7.4,0.755,9.8,True
COMP_v271,COMP,Composed,hard,False,2.0,192.272,0.0,192272.0,True,98.507,0.0,98507.0,True,96.306,0.0,96306.0,True,102.283,0.001,102283.0,True,93.412,0.0,93412.0,True
COMP_v272,COMP,Composed,hard,False,2.0,711.719,6.021,118.21,True,608.973,1.443,422.02,True,615.896,1.506,408.96,True,632.3,1.566,403.77,True,616.609,1.389,443.92,True
COMP_v273,COMP,Composed,hard,False,2.0,7.199,1.145,6.29,True,8.464,0.238,35.56,True,8.219,0.236,34.83,True,7.123,0.172,41.41,True,10.751,0.444,24.21,True
COMP_v274,COMP,Composed,hard,False,2.0,198.906,0.001,198906.0,True,96.221,0.0,96221.0,True,96.146,0.0,96146.0,True,96.966,0.0,96966.0,True,98.557,0.0,98557.0,True
COMP_v275,COMP,Composed,hard,False,2.0,723.872,6.087,118.92,True,634.448,1.399,453.5,True,680.453,1.333,510.47,True,631.044,1.463,431.34,True,635.401,1.383,459.44,True
COMP_v276,COMP,Composed,hard,False,2.0,9.552,1.449,6.59,True,9.494,0.794,11.96,True,8.606,0.726,11.85,True,9.458,0.503,18.8,True,9.99,0.847,11.79,True
COMP_v277,COMP,Composed,hard,False,2.0,194.13,0.0,194130.0,True,99.65,0.0,99650.0,True,97.0,0.0,97000.0,True,94.727,0.0,94727.0,True,97.733,0.0,97733.0,True
COMP_v278,COMP,Composed,hard,False,2.0,5.703,0.001,5703.0,True,3.024,0.0,3024.0,True,2.579,0.001,2579.0,True,3.003,0.0,3003.0,True,2.929,0.001,2929.0,True
COMP_v279,COMP,Composed,hard,False,2.0,9.565,1.294,7.39,True,7.776,0.26,29.91,True,7.616,0.18,42.31,True,7.325,0.194,37.76,True,7.819,0.242,32.31,True
COMP_v280,COMP,Composed,hard,False,2.0,50.918,1.785,28.53,True,41.988,0.8,52.48,True,41.314,0.811,50.94,True,44.231,0.384,115.18,True,42.435,0.801,52.98,True
COMP_v281,COMP,Composed,hard,False,2.0,2.232,0.051,43.76,True,0.805,0.006,134.17,True,0.849,0.006,141.5,True,0.796,0.006,132.67,True,0.818,0.006,136.33,True
COMP_v282,COMP,Composed,hard,False,2.0,1.762,0.451,3.91,True,1.177,0.225,5.23,True,1.115,0.231,4.83,True,1.087,0.166,6.55,True,1.156,0.23,5.03,True
COMP_v283,COMP,Composed,hard,False,2.0,82.892,38.034,2.18,True,58.466,1.259,46.44,True,58.767,1.635,35.94,True,58.099,1.262,46.04,True,58.058,1.765,32.89,True
COMP_v284,COMP,Composed,hard,False,2.0,6.079,0.001,6079.0,True,2.91,0.001,2910.0,True,2.606,0.0,2606.0,True,2.768,0.001,2768.0,True,2.856,0.001,2856.0,True
COMP_v285,COMP,Composed,hard,False,2.0,2.1,0.047,44.68,True,0.839,0.003,279.67,True,0.861,0.003,287.0,True,0.773,0.003,257.67,True,0.789,0.003,263.0,True
COMP_v286,COMP,Composed,hard,False,2.0,2.086,0.055,37.93,True,1.21,0.005,242.0,True,1.131,0.005,226.2,True,1.437,0.012,119.75,True,1.195,0.006,199.17,True
COMP_v287,COMP,Composed,hard,False,2.0,914.294,10.303,88.74,True,446.197,2.198,203.0,True,440.839,2.297,191.92,True,448.93,2.2,204.06,True,474.871,2.207,215.17,True
COMP_v288,COMP,Composed,hard,False,2.0,5.673,0.001,5673.0,True,3.004,0.001,3004.0,True,2.886,0.0,2886.0,True,2.931,0.001,2931.0,True,2.884,0.001,2884.0,True
COMP_v289,COMP,Composed,hard,False,2.0,25.615,7.158,3.58,True,9.348,0.883,10.59,True,9.307,1.141,8.16,True,9.241,0.865,10.68,True,9.625,1.148,8.38,True
COMP_v290,COMP,Composed,hard,False,2.0,8.398,1.749,4.8,True,8.195,1.044,7.85,True,9.368,1.123,8.34,True,8.435,1.0,8.44,True,8.275,1.12,7.39,True
COMP_v291,COMP,Composed,hard,False,2.0,5.797,1.655,3.5,True,7.229,0.994,7.27,True,7.208,0.945,7.63,True,7.149,1.014,7.05,True,8.273,1.217,6.8,True
COMP_v292,COMP,Composed,hard,False,2.0,908.803,10.334,87.94,True,444.762,2.234,199.09,True,446.427,2.272,196.49,True,444.583,2.574,172.72,True,483.721,2.364,204.62,True
COMP_v293,COMP,Composed,hard,False,2.0,2.352,0.847,2.78,True,1.268,0.461,2.75,True,1.258,0.373,3.37,True,1.265,0.477,2.65,True,1.377,0.43,3.2,True
COMP_v294,COMP,Composed,hard,False,2.0,2.042,0.056,36.46,True,1.12,0.005,224.0,True,1.138,0.005,227.6,True,1.235,0.005,247.0,True,1.206,0.006,201.0,True
COMP_v295,COMP,Composed,hard,False,2.0,245.628,0.711,345.47,True,226.743,0.091,2491.68,True,229.087,0.057,4019.07,True,234.471,0.06,3907.85,True,224.015,0.06,3733.58,True
COMP_v296,COMP,Composed,hard,False,2.0,6.484,1.043,6.22,True,7.121,0.172,41.4,True,7.234,0.177,40.87,True,6.969,0.177,39.37,True,8.916,0.313,28.49,True
COMP_v297,COMP,Composed,hard,False,2.0,5.795,1.649,3.51,True,7.49,1.045,7.17,True,7.845,1.096,7.16,True,6.729,0.91,7.39,True,7.487,1.132,6.61,True
COMP_v298,COMP,Composed,hard,False,2.0,80.321,1.483,54.16,True,80.147,0.082,977.4,True,71.286,0.086,828.91,True,66.877,0.079,846.54,True,70.677,0.096,736.22,True
COMP_v299,COMP,Composed,hard,False,2.0,1254.602,6.318,198.58,True,293.193,1.064,275.56,True,293.838,1.044,281.45,True,306.582,1.102,278.21,True,318.297,1.187,268.15,True
COMP_v300,COMP,Composed,hard,False,2.0,2.748,0.198,13.88,True,2.509,0.083,30.23,True,2.667,0.08,33.34,True,4.058,0.074,54.84,True,2.906,0.076,38.24,True
COMP_v301,COMP,Composed,hard,False,2.0,49.828,1.417,35.16,True,46.691,0.515,90.66,True,43.379,0.366,118.52,True,48.55,0.393,123.54,True,45.68,0.414,110.34,True
COMP_v302,COMP,Composed,hard,False,2.0,22.166,7.036,3.15,True,8.861,1.034,8.57,True,9.285,1.102,8.43,True,9.53,1.078,8.84,True,9.488,1.235,7.68,True
COMP_v303,COMP,Composed,hard,False,2.0,4.451,0.032,139.09,True,2.0,0.015,133.33,True,2.002,0.031,64.58,True,2.057,0.016,128.56,True,2.057,0.015,137.13,True
COMP_v304,COMP,Composed,hard,False,2.0,912.809,10.796,84.55,True,493.775,2.474,199.59,True,465.099,2.355,197.49,True,457.936,2.273,201.47,True,443.913,2.117,209.69,True
COMP_v305,COMP,Composed,hard,False,2.0,19.443,0.999,19.46,True,14.439,0.303,47.65,True,14.251,0.323,44.12,True,13.53,0.037,365.68,True,13.267,0.375,35.38,True
COMP_v306,COMP,Composed,hard,False,2.0,1173.375,6.392,183.57,True,296.487,1.088,272.51,True,316.482,1.107,285.89,True,319.824,1.138,281.04,True,318.908,1.117,285.5,True
COMP_v307,COMP,Composed,hard,False,2.0,733.006,10.458,70.09,True,629.373,2.867,219.52,True,630.289,2.941,214.31,True,634.781,3.2,198.37,True,634.21,3.984,159.19,True
COMP_v308,COMP,Composed,hard,False,2.0,4.412,0.152,29.03,True,4.848,0.085,57.04,True,4.762,0.092,51.76,True,4.765,0.095,50.16,True,5.228,0.089,58.74,True
COMP_v309,COMP,Composed,hard,False,2.0,2.164,0.061,35.48,True,1.565,0.009,173.89,True,1.339,0.008,167.38,True,1.133,0.005,226.6,True,1.251,0.005,250.2,True
COMP_v310,COMP,Composed,hard,False,2.0,51.134,1.006,50.83,True,41.91,0.543,77.18,True,44.492,0.567,78.47,True,45.299,0.155,292.25,True,40.573,0.537,75.55,True
COMP_v311,COMP,Composed,hard,False,2.0,2.022,0.046,43.96,True,0.953,0.003,317.67,True,0.854,0.003,284.67,True,0.847,0.003,282.33,True,0.959,0.003,319.67,True
COMP_v312,COMP,Composed,hard,False,2.0,51.569,0.713,72.33,True,39.503,0.05,790.06,True,39.484,0.055,717.89,True,43.171,0.13,332.08,True,43.995,0.055,799.91,True
COMP_v313,COMP,Composed,hard,False,2.0,88.831,2.034,43.67,True,77.186,0.596,129.51,True,67.82,0.58,116.93,True,67.124,0.567,118.38,True,71.57,0.764,93.68,True
COMP_v314,COMP,Composed,hard,False,2.0,244.876,0.934,262.18,True,215.748,0.581,371.34,True,217.453,0.563,386.24,True,221.471,0.066,3355.62,True,223.909,0.563,397.71,True
COMP_v315,COMP,Composed,hard,False,2.0,93.49,41.747,2.24,True,58.996,34.64,1.7,False,58.85,30.941,1.9,False,61.775,2.506,24.65,True,62.754,33.438,1.88,False
COMP_v316,COMP,Composed,hard,False,2.0,2.101,0.048,43.77,True,0.864,0.007,123.43,True,0.868,0.006,144.67,True,0.851,0.006,141.83,True,0.908,0.007,129.71,True
COMP_v317,COMP,Composed,hard,False,2.0,6.017,0.001,6017.0,True,2.981,0.001,2981.0,True,2.964,0.001,2964.0,True,2.998,0.0,2998.0,True,3.104,0.0,3104.0,True
COMP_v318,COMP,Composed,hard,False,2.0,245.764,1.009,243.57,True,218.232,0.564,386.94,True,216.393,0.566,382.32,True,225.762,0.066,3420.64,True,240.422,0.707,340.06,True
COMP_v319,COMP,Composed,hard,False,2.0,206.179,0.001,206179.0,True,106.383,0.0,106383.0,True,99.376,0.0,99376.0,True,99.222,0.0,99222.0,True,115.109,0.0,115109.0,True
COMP_v320,COMP,Composed,hard,False,2.0,49.529,0.927,53.43,True,41.66,0.54,77.15,True,40.361,0.526,76.73,True,42.44,0.062,684.52,True,42.901,0.565,75.93,True
COMP_v321,COMP,Composed,hard,False,2.0,253.418,0.683,371.04,True,232.218,0.073,3181.07,True,216.243,0.056,3861.48,True,213.46,0.058,3680.34,True,219.723,0.056,3923.62,True
COMP_v322,COMP,Composed,hard,False,2.0,8.331,1.709,4.87,True,12.001,1.527,7.86,True,8.988,1.126,7.98,True,8.24,1.053,7.83,True,10.108,1.226,8.24,True
COMP_v323,COMP,Composed,hard,False,2.0,5.783,1.874,3.09,True,7.166,0.726,9.87,True,7.282,0.751,9.7,True,7.526,0.716,10.51,True,7.454,0.749,9.95,True
COMP_v324,COMP,Composed,hard,False,2.0,737.94,6.974,105.81,True,620.235,1.779,348.64,True,614.937,1.5,409.96,True,608.409,1.406,432.72,True,618.086,1.361,454.14,True
COMP_v325,COMP,Composed,hard,False,2.0,23.25,7.123,3.26,True,9.27,1.072,8.65,True,9.307,0.596,15.62,True,9.448,1.119,8.44,True,9.061,0.586,15.46,True
COMP_v326,COMP,Composed,hard,False,2.0,2.38,0.868,2.74,True,1.232,0.452,2.73,True,1.321,0.454,2.91,True,1.21,0.48,2.52,True,1.276,0.431,2.96,True
COMP_v327,COMP,Composed,hard,False,2.0,93.679,39.243,2.39,True,58.276,1.365,42.69,True,67.978,2.189,31.05,True,61.499,2.461,24.99,True,59.492,1.774,33.54,True
COMP_v328,COMP,Composed,hard,False,2.0,20.323,1.317,15.43,True,15.668,0.693,22.61,True,13.596,0.437,31.11,True,13.667,0.079,173.0,True,13.189,0.42,31.4,True
COMP_v329,COMP,Composed,hard,False,2.0,5.947,1.004,5.92,True,7.229,0.599,12.07,True,7.03,0.593,11.85,True,7.437,0.194,38.34,True,7.022,0.613,11.46,True
COMP_v330,COMP,Composed,hard,False,2.0,48.072,0.688,69.87,True,40.057,0.051,785.43,True,47.138,0.056,841.75,True,39.575,0.055,719.55,True,42.16,0.055,766.55,True
COMP_v331,COMP,Composed,hard,False,2.0,190.488,0.001,190488.0,True,97.406,0.001,97406.0,True,103.706,0.0,103706.0,True,96.368,0.0,96368.0,True,102.855,0.001,102855.0,True
COMP_v332,COMP,Composed,hard,False,2.0,2.397,0.06,39.95,True,1.243,0.006,207.17,True,1.293,0.008,161.62,True,1.206,0.006,201.0,True,1.266,0.009,140.67,True
COMP_v333,COMP,Composed,hard,False,2.0,3.011,0.887,3.39,True,1.262,0.505,2.5,True,1.269,0.415,3.06,True,1.323,0.48,2.76,True,1.569,0.492,3.19,True
COMP_v334,COMP,Composed,hard,False,2.0,247.213,0.969,255.12,True,216.872,0.526,412.3,True,226.733,0.563,402.72,True,229.791,0.07,3282.73,True,226.539,0.544,416.43,True
COMP_v335,COMP,Composed,hard,False,2.0,701.91,6.147,114.19,True,637.375,1.419,449.17,True,721.757,1.53,471.74,True,705.258,1.628,433.21,True,687.44,1.582,434.54,True
COMP_v336,COMP,Composed,hard,False,2.0,6.119,1.667,3.67,True,7.081,0.952,7.44,True,6.816,0.939,7.26,True,8.043,1.286,6.25,True,7.451,1.022,7.29,True
COMP_v337,COMP,Composed,hard,False,2.0,1215.712,7.587,160.24,True,303.088,1.143,265.17,True,341.38,1.125,303.45,True,334.638,1.163,287.74,True,329.881,1.193,276.51,True
COMP_v338,COMP,Composed,hard,False,2.0,8.0,1.133,7.06,True,10.28,0.953,10.79,True,9.412,0.779,12.08,True,8.38,0.43,19.49,True,9.109,0.849,10.73,True
COMP_v339,COMP,Composed,hard,False,2.0,801.444,9.902,80.94,True,641.566,3.075,208.64,True,644.746,2.999,214.99,True,642.429,3.12,205.91,True,636.816,2.968,214.56,True
COMP_v340,COMP,Composed,hard,False,2.0,805.883,6.689,120.48,True,684.237,1.782,383.97,True,672.473,1.619,415.36,True,645.362,1.516,425.7,True,627.167,1.575,398.2,True
COMP_v341,COMP,Composed,hard,False,2.0,27.637,8.965,3.08,True,15.261,1.847,8.26,True,14.005,1.751,8.0,True,14.167,1.922,7.37,True,14.098,1.957,7.2,True
COMP_v342,COMP,Composed,hard,False,2.0,790.647,5.91,133.78,True,667.513,1.536,434.58,True,658.093,1.473,446.77,True,641.83,1.524,421.15,True,643.996,1.543,417.37,True
COMP_v343,COMP,Composed,hard,False,2.0,216.906,0.0,216906.0,True,112.464,0.0,112464.0,True,98.44,0.0,98440.0,True,102.323,0.0,102323.0,True,103.084,0.0,103084.0,True
COMP_v344,COMP,Composed,hard,False,2.0,6.498,1.12,5.8,True,7.645,0.699,10.94,True,7.038,0.613,11.48,True,7.0,0.16,43.75,True,7.493,0.667,11.23,True
COMP_v345,COMP,Composed,hard,False,2.0,6.563,1.009,6.5,True,7.931,0.701,11.31,True,7.541,0.662,11.39,True,7.204,0.208,34.63,True,7.433,0.651,11.42,True
COMP_v346,COMP,Composed,hard,False,2.0,2.535,0.178,14.24,True,5.176,0.726,7.13,True,5.646,0.668,8.45,True,5.651,0.705,8.02,True,1.241,0.0,1241.0,True
COMP_v347,COMP,Composed,hard,False,2.0,2.462,0.893,2.76,True,1.294,0.508,2.55,True,1.337,0.429,3.12,True,1.389,0.475,2.92,True,1.244,0.361,3.45,True
COMP_v348,COMP,Composed,hard,False,2.0,5.627,0.001,5627.0,True,3.069,0.001,3069.0,True,2.9,0.001,2900.0,True,2.892,0.001,2892.0,True,2.806,0.001,2806.0,True
COMP_v349,COMP,Composed,hard,False,2.0,709.71,6.151,115.38,True,618.123,1.401,441.2,True,623.049,1.579,394.58,True,613.744,1.464,419.22,True,616.722,1.511,408.15,True
COMP_v350,COMP,Composed,hard,False,2.0,2.161,0.049,44.1,True,0.868,0.006,144.67,True,0.846,0.007,120.86,True,0.836,0.006,139.33,True,0.819,0.006,136.5,True
COMP_v351,COMP,Composed,hard,False,2.0,1.691,0.427,3.96,True,1.164,0.226,5.15,True,1.101,0.217,5.07,True,1.146,0.137,8.36,True,1.152,0.223,5.17,True
COMP_v352,COMP,Composed,hard,False,2.0,5.802,0.001,5802.0,True,3.007,0.001,3007.0,True,3.005,0.001,3005.0,True,2.884,0.001,2884.0,True,2.929,0.0,2929.0,True
COMP_v353,COMP,Composed,hard,False,2.0,1.372,0.411,3.34,True,1.105,0.128,8.63,True,1.033,0.101,10.23,True,1.13,0.109,10.37,True,1.177,0.131,8.98,True
COMP_v354,COMP,Composed,hard,False,2.0,2.366,0.062,38.16,True,1.224,0.017,72.0,True,1.166,0.014,83.29,True,1.244,0.016,77.75,True,1.18,0.011,107.27,True
COMP_v355,COMP,Composed,hard,False,2.0,2.517,0.925,2.72,True,1.259,0.464,2.71,True,1.239,0.373,3.32,True,1.356,0.404,3.36,True,1.231,0.388,3.17,True
COMP_v356,COMP,Composed,hard,False,2.0,51.725,1.731,29.88,True,44.729,0.826,54.15,True,42.789,0.801,53.42,True,43.196,0.373,115.81,True,44.378,0.894,49.64,True
COMP_v357,COMP,Composed,hard,False,2.0,2.146,0.048,44.71,True,0.895,0.003,298.33,True,0.831,0.003,277.0,True,0.779,0.003,259.67,True,0.854,0.003,284.67,True
COMP_v358,COMP,Composed,hard,False,2.0,243.549,0.686,355.03,True,218.377,0.057,3831.18,True,223.059,0.129,1729.14,True,230.811,0.105,2198.2,True,220.808,0.079,2795.04,True
COMP_v359,COMP,Composed,hard,False,2.0,2.456,0.866,2.84,True,1.302,0.543,2.4,True,1.37,0.437,3.14,True,1.311,0.456,2.88,True,1.546,0.469,3.3,True
COMP_v360,COMP,Composed,hard,False,2.0,24.915,6.861,3.63,True,9.253,1.032,8.97,True,9.77,1.076,9.08,True,9.404,1.098,8.56,True,8.933,1.025,8.72,True
COMP_v361,COMP,Composed,hard,False,2.0,4.351,0.153,28.44,True,5.076,0.089,57.03,True,5.711,0.093,61.41,True,5.874,0.098,59.94,True,5.192,0.085,61.08,True
COMP_v362,COMP,Composed,hard,False,2.0,714.789,10.313,69.31,True,641.845,3.074,208.8,True,631.033,2.788,226.34,True,632.921,3.421,185.01,True,628.512,2.927,214.73,True
COMP_v363,COMP,Composed,hard,False,2.0,5.752,0.001,5752.0,True,2.723,0.001,2723.0,True,3.135,0.001,3135.0,True,3.123,0.0,3123.0,True,2.718,0.001,2718.0,True
COMP_v364,COMP,Composed,hard,False,2.0,89.29,36.633,2.44,True,58.386,1.399,41.73,True,72.157,2.401,30.05,True,58.985,1.442,40.9,True,59.282,2.179,27.21,True
COMP_v365,COMP,Composed,hard,False,2.0,6.545,1.586,4.13,True,9.561,1.185,8.07,True,7.578,1.151,6.58,True,7.662,1.047,7.32,True,8.805,1.326,6.64,True
COMP_v366,COMP,Composed,hard,False,2.0,86.759,1.507,57.57,True,78.644,0.09,873.82,True,75.092,0.098,766.24,True,74.365,0.088,845.06,True,75.242,0.083,906.53,True
COMP_v367,COMP,Composed,hard,False,2.0,2.235,0.052,42.98,True,0.91,0.007,130.0,True,0.865,0.007,123.57,True,0.943,0.007,134.71,True,0.902,0.006,150.33,True
COMP_v368,COMP,Composed,hard,False,2.0,924.982,11.066,83.59,True,476.246,2.183,218.16,True,483.641,2.307,209.64,True,459.279,2.157,212.92,True,512.495,3.194,160.46,True
COMP_v369,COMP,Composed,hard,False,2.0,197.81,0.0,197810.0,True,112.6,0.0,112600.0,True,95.484,0.0,95484.0,True,99.755,0.0,99755.0,True,99.791,0.0,99791.0,True
COMP_v370,COMP,Composed,hard,False,2.0,760.99,6.348,119.88,True,620.335,1.596,388.68,True,629.526,1.493,421.65,True,653.575,1.604,407.47,True,625.735,1.53,408.98,True
COMP_v371,COMP,Composed,hard,False,2.0,3.006,0.068,44.21,True,1.211,0.009,134.56,True,1.206,0.012,100.5,True,1.215,0.013,93.46,True,1.278,0.014,91.29,True
COMP_v372,COMP,Composed,hard,False,2.0,93.72,43.916,2.13,True,58.504,29.333,1.99,False,59.886,30.552,1.96,False,68.518,6.278,10.91,True,60.05,31.793,1.89,False
COMP_v373,COMP,Composed,hard,False,2.0,24.166,8.628,2.8,True,14.105,1.582,8.92,True,15.422,1.76,8.76,True,13.323,1.587,8.4,True,13.703,1.608,8.52,True
COMP_v374,COMP,Composed,hard,False,2.0,21.02,1.109,18.95,True,15.311,0.369,41.49,True,16.633,0.4,41.58,True,17.449,0.131,133.2,True,13.033,0.267,48.81,True
COMP_v375,COMP,Composed,hard,False,2.0,33.373,10.325,3.23,True,22.736,3.215,7.07,True,22.786,3.257,7.0,True,23.93,3.034,7.89,True,22.959,3.221,7.13,True
COMP_v376,COMP,Composed,hard,False,2.0,26.287,8.492,3.1,True,14.512,1.974,7.35,True,13.657,1.708,8.0,True,12.524,1.482,8.45,True,13.748,1.645,8.36,True
COMP_v377,COMP,Composed,hard,False,2.0,18.4,0.899,20.47,True,13.414,0.28,47.91,True,13.278,0.28,47.42,True,14.064,0.038,370.11,True,14.472,0.514,28.16,True
COMP_v378,COMP,Composed,hard,False,2.0,3.38,0.172,19.65,True,5.321,0.632,8.42,True,5.536,0.689,8.03,True,5.573,0.635,8.78,True,1.6,0.0,1600.0,True
COMP_v379,COMP,Composed,hard,False,2.0,8.137,1.697,4.79,True,8.481,1.08,7.85,True,9.105,1.025,8.88,True,8.514,1.019,8.36,True,8.252,1.115,7.4,True
COMP_v380,COMP,Composed,hard,False,2.0,1.921,0.153,12.56,True,2.552,0.073,34.96,True,2.884,0.076,37.95,True,2.209,0.074,29.85,True,2.047,0.075,27.29,True
COMP_v381,COMP,Composed,hard,False,2.0,13.127,1.433,9.16,True,14.973,0.22,68.06,True,15.008,0.208,72.15,True,14.597,0.191,76.42,True,14.664,0.193,75.98,True
COMP_v382,COMP,Composed,hard,False,2.0,22.224,6.855,3.24,True,8.908,1.051,8.48,True,9.393,1.057,8.89,True,9.318,0.649,14.36,True,8.751,0.615,14.23,True
COMP_v383,COMP,Composed,hard,False,2.0,1.599,0.414,3.86,True,1.079,0.219,4.93,True,1.146,0.229,5.0,True,1.118,0.152,7.36,True,1.144,0.232,4.93,True
COMP_v384,COMP,Composed,hard,False,2.0,6.486,1.029,6.3,True,7.381,0.603,12.24,True,7.346,0.612,12.0,True,6.843,0.15,45.62,True,6.84,0.567,12.06,True
COMP_v385,COMP,Composed,hard,False,2.0,90.488,40.725,2.22,True,58.918,31.028,1.9,False,60.026,31.076,1.93,False,58.532,1.692,34.59,True,60.091,32.508,1.85,False
COMP_v386,COMP,Composed,hard,False,2.0,2.095,0.047,44.57,True,0.878,0.004,219.5,True,0.831,0.003,277.0,True,0.799,0.003,266.33,True,0.797,0.003,265.67,True
COMP_v387,COMP,Composed,hard,False,2.0,7.756,1.081,7.17,True,7.707,0.68,11.33,True,16.525,1.499,11.02,True,7.957,0.313,25.42,True,8.638,0.734,11.77,True
COMP_v388,COMP,Composed,hard,False,2.0,1.312,0.401,3.27,True,1.092,0.125,8.74,True,1.099,0.104,10.57,True,1.14,0.112,10.18,True,1.056,0.122,8.66,True
COMP_v389,COMP,Composed,hard,False,2.0,191.395,0.001,191395.0,True,93.788,0.0,93788.0,True,91.046,0.0,91046.0,True,93.602,0.0,93602.0,True,96.635,0.0,96635.0,True
COMP_v390,COMP,Composed,hard,False,2.0,49.029,1.056,46.43,True,40.559,0.055,737.44,True,40.699,0.053,767.91,True,41.97,0.055,763.09,True,46.59,0.058,803.28,True
COMP_v391,COMP,Composed,hard,False,2.0,18.292,0.253,72.3,True,14.769,0.111,133.05,True,14.278,0.115,124.16,True,,,,,15.464,0.129,119.88,True
COMP_v392,COMP,Composed,hard,False,2.0,193.793,0.0,193793.0,True,92.536,0.001,92536.0,True,92.898,0.0,92898.0,True,94.079,0.001,94079.0,True,98.352,0.0,98352.0,True
COMP_v393,COMP,Composed,hard,False,2.0,1.603,0.436,3.68,True,1.17,0.238,4.92,True,1.164,0.246,4.73,True,1.099,0.148,7.43,True,1.083,0.222,4.88,True
COMP_v394,COMP,Composed,hard,False,2.0,195.879,0.0,195879.0,True,96.183,0.0,96183.0,True,99.102,0.0,99102.0,True,96.661,0.0,96661.0,True,100.678,0.0,100678.0,True
COMP_v395,COMP,Composed,hard,False,2.0,85.639,38.47,2.23,True,60.311,1.855,32.51,True,62.839,2.241,28.04,True,64.229,2.338,27.47,True,61.715,2.374,26.0,True
COMP_v396,COMP,Composed,hard,False,2.0,1251.382,6.416,195.04,True,308.388,1.199,257.2,True,307.725,1.18,260.78,True,327.483,1.194,274.27,True,314.06,1.163,270.04,True
COMP_v397,COMP,Composed,hard,False,2.0,6.598,1.048,6.3,True,7.481,0.61,12.26,True,7.466,0.61,12.24,True,7.486,0.195,38.39,True,7.951,0.731,10.88,True
COMP_v398,COMP,Composed,hard,False,2.0,254.833,0.951,267.96,True,230.631,0.67,344.23,True,228.981,0.563,406.72,True,241.124,0.158,1526.1,True,227.322,0.543,418.64,True
COMP_v399,COMP,Composed,hard,False,2.0,15.851,1.656,9.57,True,16.845,0.256,65.8,True,18.142,0.278,65.26,True,19.118,0.345,55.41,True,15.501,0.274,56.57,True
COMP_v400,COMP,Composed,hard,False,2.0,2.285,0.833,2.74,True,1.316,0.47,2.8,True,1.348,0.408,3.3,True,1.283,0.48,2.67,True,1.552,0.533,2.91,True
COMP_v401,COMP,Composed,hard,False,2.0,738.587,10.309,71.64,True,631.048,2.923,215.89,True,615.558,2.955,208.31,True,624.89,2.861,218.42,True,621.707,2.928,212.33,True
COMP_v402,COMP,Composed,hard,False,2.0,54.432,1.25,43.55,True,41.93,0.576,72.8,True,43.829,0.594,73.79,True,42.057,0.132,318.61,True,43.889,0.702,62.52,True
COMP_v403,COMP,Composed,hard,False,2.0,202.266,0.0,202266.0,True,97.346,0.0,97346.0,True,97.826,0.001,97826.0,True,98.846,0.001,98846.0,True,92.482,0.0,92482.0,True
COMP_v404,COMP,Composed,hard,False,2.0,5.83,0.001,5830.0,True,3.157,0.002,1578.5,True,2.938,0.001,2938.0,True,2.868,0.0,2868.0,True,2.904,0.001,2904.0,True
COMP_v405,COMP,Composed,hard,False,2.0,21.395,7.442,2.87,True,9.415,1.119,8.41,True,9.103,1.086,8.38,True,8.94,1.156,7.73,True,9.421,1.184,7.96,True
COMP_v406,COMP,Composed,hard,False,2.0,1.432,0.422,3.39,True,1.163,0.139,8.37,True,1.091,0.102,10.7,True,1.026,0.102,10.06,True,1.115,0.126,8.85,True
COMP_v407,COMP,Composed,hard,False,2.0,2.156,0.049,44.0,True,0.952,0.003,317.33,True,0.851,0.003,283.67,True,0.866,0.003,288.67,True,0.828,0.003,276.0,True
COMP_v408,COMP,Composed,hard,False,2.0,1.613,0.438,3.68,True,1.207,0.236,5.11,True,1.18,0.233,5.06,True,1.114,0.134,8.31,True,1.179,0.231,5.1,True
COMP_v409,COMP,Composed,hard,False,2.0,244.616,0.887,275.78,True,217.869,0.081,2689.74,True,226.078,0.074,3055.11,True,219.998,0.056,3928.54,True,224.953,0.059,3812.76,True
COMP_v410,COMP,Composed,hard,False,2.0,199.88,0.0,199880.0,True,98.049,0.0,98049.0,True,97.083,0.0,97083.0,True,101.963,0.001,101963.0,True,99.228,0.001,99228.0,True
COMP_v411,COMP,Composed,hard,False,2.0,26.088,8.62,3.03,True,12.156,2.359,5.15,True,13.797,5.305,2.6,True,11.635,2.565,4.54,True,13.68,5.184,2.64,True
COMP_v412,COMP,Composed,hard,False,2.0,716.343,6.543,109.48,True,631.707,1.45,435.66,True,629.823,1.446,435.56,True,689.348,1.368,503.91,True,699.808,1.558,449.17,True
COMP_v413,COMP,Composed,hard,False,2.0,252.588,0.844,299.27,True,216.193,0.061,3544.15,True,220.52,0.057,3868.77,True,227.473,0.056,4062.02,True,251.237,0.141,1781.82,True
COMP_v414,COMP,Composed,hard,False,2.0,2.228,0.048,46.42,True,0.58,0.004,145.0,True,0.562,0.005,112.4,True,0.582,0.005,116.4,True,0.594,0.005,118.8,True
COMP_v415,COMP,Composed,hard,False,2.0,2.906,0.183,15.88,True,5.353,0.664,8.06,True,5.75,0.896,6.42,True,5.678,0.614,9.25,True,1.103,0.0,1103.0,True
COMP_v416,COMP,Composed,hard,False,2.0,82.985,38.6,2.15,True,59.926,1.379,43.46,True,58.522,1.227,47.7,True,58.513,1.385,42.25,True,62.502,2.195,28.47,True
COMP_v417,COMP,Composed,hard,False,2.0,754.836,6.805,110.92,True,686.327,1.518,452.13,True,623.596,1.565,398.46,True,646.01,2.068,312.38,True,647.246,1.576,410.69,True
COMP_v418,COMP,Composed,hard,False,2.0,21.98,0.268,82.01,True,17.622,0.114,154.58,True,15.927,0.125,127.42,True,,,,,17.282,0.122,141.66,True
COMP_v419,COMP,Composed,hard,False,2.0,16.383,1.975,8.3,True,14.688,1.122,13.09,True,18.217,1.181,15.43,True,15.778,0.301,52.42,True,15.661,1.168,13.41,True
COMP_v420,COMP,Composed,hard,False,2.0,8.572,1.09,7.86,True,10.891,0.89,12.24,True,8.424,0.752,11.2,True,8.323,0.371,22.43,True,11.421,0.975,11.71,True
COMP_v421,COMP,Composed,hard,False,2.0,948.098,12.011,78.94,True,461.063,2.203,209.29,True,474.814,2.364,200.85,True,460.546,2.163,212.92,True,478.36,2.269,210.82,True
COMP_v422,COMP,Composed,hard,False,2.0,1215.586,6.594,184.35,True,319.624,1.155,276.73,True,330.632,1.304,253.55,True,303.707,1.082,280.69,True,327.998,1.147,285.96,True
COMP_v423,COMP,Composed,hard,False,2.0,32.934,12.955,2.54,True,11.883,2.143,5.55,True,12.065,2.396,5.04,True,12.81,2.301,5.57,True,12.276,2.336,5.26,True
COMP_v424,COMP,Composed,hard,False,2.0,1143.779,7.337,155.89,True,304.348,1.091,278.96,True,331.647,1.198,276.83,True,306.493,1.098,279.14,True,305.134,1.101,277.14,True
COMP_v425,COMP,Composed,hard,False,2.0,1.662,0.427,3.89,True,1.198,0.245,4.89,True,1.22,0.248,4.92,True,1.069,0.147,7.27,True,1.154,0.231,5.0,True
COMP_v426,COMP,Composed,hard,False,2.0,7.333,1.108,6.62,True,7.864,0.675,11.65,True,7.841,0.658,11.92,True,7.249,0.184,39.4,True,8.705,0.685,12.71,True
COMP_v427,COMP,Composed,hard,False,2.0,1265.741,6.09,207.84,True,305.16,1.096,278.43,True,307.183,1.092,281.3,True,307.449,1.199,256.42,True,319.289,1.09,292.93,True
COMP_v428,COMP,Composed,hard,False,2.0,38.505,11.304,3.41,True,22.813,3.323,6.87,True,21.85,3.31,6.6,True,23.066,3.299,6.99,True,25.368,3.339,7.6,True
COMP_v429,COMP,Composed,hard,False,2.0,23.296,7.104,3.28,True,9.34,1.084,8.62,True,9.403,1.086,8.66,True,10.24,2.471,4.14,True,9.427,1.13,8.34,True
COMP_v430,COMP,Composed,hard,False,2.0,24.625,8.55,2.88,True,9.284,1.153,8.05,True,9.234,1.097,8.42,True,9.081,1.054,8.62,True,8.978,1.061,8.46,True
COMP_v431,COMP,Composed,hard,False,2.0,92.989,1.975,47.08,True,74.719,0.574,130.17,True,72.738,0.599,121.43,True,71.376,0.18,396.53,True,75.945,0.642,118.29,True
COMP_v432,COMP,Composed,hard,False,2.0,52.289,1.475,35.45,True,41.759,0.359,116.32,True,44.01,0.461,95.47,True,47.054,0.504,93.36,True,44.841,0.276,162.47,True
COMP_v433,COMP,Composed,hard,False,2.0,30.597,9.872,3.1,True,23.214,3.112,7.46,True,23.17,3.422,6.77,True,24.775,3.386,7.32,True,23.344,3.258,7.17,True
COMP_v434,COMP,Composed,hard,False,2.0,20.683,7.285,2.84,True,9.099,1.1,8.27,True,9.791,0.846,11.57,True,9.418,1.124,8.38,True,9.191,0.98,9.38,True
COMP_v435,COMP,Composed,hard,False,2.0,85.264,1.338,63.72,True,82.445,0.093,886.51,True,74.741,0.093,803.67,True,73.09,0.082,891.34,True,77.484,0.097,798.8,True
COMP_v436,COMP,Composed,hard,False,2.0,51.192,0.94,54.46,True,40.027,0.561,71.35,True,42.288,0.6,70.48,True,39.892,0.127,314.11,True,40.031,0.554,72.26,True
COMP_v437,COMP,Composed,hard,False,2.0,755.034,5.95,126.9,True,614.98,1.396,440.53,True,646.525,1.551,416.84,True,618.048,1.447,427.12,True,642.637,1.525,421.4,True
COMP_v438,COMP,Composed,hard,False,2.0,8.868,1.554,5.71,True,7.122,0.167,42.65,True,7.008,0.166,42.22,True,7.045,0.173,40.72,True,7.245,0.178,40.7,True
COMP_v439,COMP,Composed,hard,False,2.0,2.779,0.169,16.44,True,5.443,0.653,8.34,True,5.033,0.401,12.55,True,4.959,0.292,16.98,True,0.973,0.0,973.0,True
COMP_v440,COMP,Composed,hard,False,2.0,2.16,0.051,42.35,True,0.995,0.004,248.75,True,0.816,0.003,272.0,True,0.831,0.003,277.0,True,0.888,0.003,296.0,True
COMP_v441,COMP,Composed,hard,False,2.0,4.643,0.031,149.77,True,2.137,0.011,194.27,True,2.003,0.011,182.09,True,1.997,0.013,153.62,True,2.057,0.01,205.7,True
COMP_v442,COMP,Composed,hard,False,2.0,1.677,0.149,11.26,True,1.474,0.077,19.14,True,2.026,0.086,23.56,True,1.406,0.079,17.8,True,1.637,0.083,19.72,True
COMP_v443,COMP,Composed,hard,False,2.0,2.03,0.046,44.13,True,0.899,0.007,128.43,True,0.884,0.006,147.33,True,0.799,0.005,159.8,True,0.845,0.006,140.83,True
COMP_v444,COMP,Composed,hard,False,2.0,54.888,1.821,30.14,True,46.817,0.901,51.96,True,41.68,0.804,51.84,True,45.838,0.4,114.6,True,47.738,0.904,52.81,True
COMP_v445,COMP,Composed,hard,False,2.0,1207.897,6.307,191.52,True,307.922,1.16,265.45,True,293.06,1.042,281.25,True,293.627,1.041,282.06,True,323.004,1.22,264.76,True
COMP_v446,COMP,Composed,hard,False,2.0,7.555,1.661,4.55,True,7.418,0.939,7.9,True,8.472,1.102,7.69,True,7.283,0.947,7.69,True,7.94,1.052,7.55,True
COMP_v447,COMP,Composed,hard,False,2.0,197.596,0.001,197596.0,True,100.866,0.0,100866.0,True,96.548,0.001,96548.0,True,100.222,0.0,100222.0,True,106.856,0.0,106856.0,True
COMP_v448,COMP,Composed,hard,False,2.0,86.864,1.397,62.18,True,75.503,0.079,955.73,True,70.209,0.081,866.78,True,71.093,0.083,856.54,True,71.559,0.087,822.52,True
COMP_v449,COMP,Composed,hard,False,2.0,6.123,0.001,6123.0,True,2.932,0.001,2932.0,True,2.667,0.001,2667.0,True,2.977,0.0,2977.0,True,3.02,0.001,3020.0,True
COMP_v450,COMP,Composed,hard,False,2.0,251.61,0.888,283.34,True,226.17,0.626,361.29,True,224.246,0.595,376.88,True,235.581,0.15,1570.54,True,237.197,0.633,374.72,True
COMP_v451,COMP,Composed,hard,False,2.0,81.196,1.285,63.19,True,79.962,0.083,963.4,True,78.412,0.094,834.17,True,76.089,0.091,836.14,True,80.122,0.105,763.07,True
COMP_v452,COMP,Composed,hard,False,2.0,1.271,0.388,3.28,True,1.082,0.124,8.73,True,1.096,0.11,9.96,True,1.231,0.115,10.7,True,1.212,0.14,8.66,True
COMP_v453,COMP,Composed,hard,False,2.0,960.62,11.025,87.13,True,480.872,2.224,216.22,True,516.365,2.305,224.02,True,500.477,2.479,201.89,True,548.469,2.431,225.61,True
COMP_v454,COMP,Composed,hard,False,2.0,755.261,7.086,106.58,True,703.964,2.051,343.23,True,659.309,1.669,395.03,True,751.887,1.662,452.4,True,739.385,1.591,464.73,True
COMP_v455,COMP,Composed,hard,False,2.0,13.886,2.405,5.77,True,13.456,1.412,9.53,True,9.129,1.112,8.21,True,8.724,1.44,6.06,True,5.874,1.011,5.81,True
COMP_v456,COMP,Composed,hard,False,2.0,84.433,2.265,37.28,True,85.763,0.645,132.97,True,67.861,0.621,109.28,True,79.238,0.242,327.43,True,85.18,0.767,111.06,True
COMP_v457,COMP,Composed,hard,False,2.0,204.034,0.001,204034.0,True,113.837,0.001,113837.0,True,99.519,0.0,99519.0,True,107.676,0.0,107676.0,True,108.375,0.001,108375.0,True
COMP_v458,COMP,Composed,hard,False,2.0,850.47,11.503,73.93,True,645.596,2.971,217.3,True,728.33,2.813,258.92,True,697.796,2.891,241.37,True,649.968,3.369,192.93,True
COMP_v459,COMP,Composed,hard,False,2.0,2.355,0.068,34.63,True,1.534,0.019,80.74,True,1.601,0.021,76.24,True,1.755,0.022,79.77,True,1.455,0.014,103.93,True
COMP_v460,COMP,Composed,hard,False,2.0,94.776,46.344,2.05,True,72.204,35.167,2.05,True,74.643,34.484,2.16,True,67.903,2.803,24.23,True,65.365,33.863,1.93,False
COMP_v461,COMP,Composed,hard,False,2.0,5.84,0.002,2920.0,True,3.097,0.001,3097.0,True,3.303,0.001,3303.0,True,2.872,0.001,2872.0,True,2.827,0.001,2827.0,True
COMP_v462,COMP,Composed,hard,False,2.0,1039.906,12.696,81.91,True,511.474,2.374,215.45,True,469.372,2.643,177.59,True,477.044,2.273,209.87,True,452.35,2.246,201.4,True
COMP_v463,COMP,Composed,hard,False,2.0,832.648,7.009,118.8,True,660.485,1.493,442.39,True,674.071,1.542,437.14,True,626.196,1.557,402.18,True,632.951,1.411,448.58,True
COMP_v464,COMP,Composed,hard,False,2.0,16.692,2.734,6.11,True,16.55,1.693,9.78,True,9.077,1.135,8.0,True,8.576,1.195,7.18,True,10.705,1.334,8.02,True
COMP_v465,COMP,Composed,hard,False,2.0,50.032,0.926,54.03,True,47.092,0.642,73.35,True,48.317,0.633,76.33,True,47.012,0.067,701.67,True,40.878,0.525,77.86,True
COMP_v466,COMP,Composed,hard,False,2.0,6.337,1.07,5.92,True,6.705,0.128,52.38,True,7.696,0.232,33.17,True,7.763,0.203,38.24,True,8.464,0.266,31.82,True
COMP_v467,COMP,Composed,hard,False,2.0,2.35,0.864,2.72,True,1.347,0.544,2.48,True,1.344,0.433,3.1,True,1.262,0.481,2.62,True,1.333,0.405,3.29,True
COMP_v468,COMP,Composed,hard,False,2.0,2.442,0.054,45.22,True,0.554,0.004,138.5,True,0.595,0.004,148.75,True,0.566,0.004,141.5,True,0.64,0.005,128.0,True
COMP_v469,COMP,Composed,hard,False,2.0,4.776,0.037,129.08,True,1.999,0.016,124.94,True,2.006,0.017,118.0,True,2.124,0.02,106.2,True,1.93,0.013,148.46,True
COMP_v470,COMP,Composed,hard,False,2.0,5.585,0.001,5585.0,True,3.173,0.0,3173.0,True,2.913,0.001,2913.0,True,2.925,0.001,2925.0,True,3.026,0.001,3026.0,True
COMP_v471,COMP,Composed,hard,False,2.0,55.625,1.592,34.94,True,42.982,0.401,107.19,True,42.127,0.305,138.12,True,46.263,0.359,128.87,True,46.608,0.36,129.47,True
COMP_v472,COMP,Composed,hard,False,2.0,5.19,1.478,3.51,True,6.436,0.875,7.36,True,6.497,0.912,7.12,True,7.198,0.947,7.6,True,7.032,0.975,7.21,True
COMP_v473,COMP,Composed,hard,False,2.0,2.083,0.047,44.32,True,0.828,0.006,138.0,True,0.83,0.006,138.33,True,0.803,0.006,133.83,True,0.816,0.006,136.0,True
COMP_v474,COMP,Composed,hard,False,2.0,49.362,1.614,30.58,True,43.797,0.843,51.95,True,41.596,1.227,33.9,True,49.637,0.42,118.18,True,46.629,0.859,54.28,True
COMP_v475,COMP,Composed,hard,False,2.0,7.014,1.629,4.31,True,7.788,0.995,7.83,True,8.584,1.055,8.14,True,8.6,1.197,7.18,True,9.009,1.218,7.4,True
COMP_v476,COMP,Composed,hard,False,2.0,81.376,2.175,37.41,True,76.976,0.576,133.64,True,67.199,0.558,120.43,True,64.679,0.157,411.97,True,77.268,0.909,85.0,True
COMP_v477,COMP,Composed,hard,False,2.0,2.149,0.145,14.82,True,2.025,0.078,25.96,True,2.075,0.077,26.95,True,1.648,0.081,20.35,True,2.577,0.087,29.62,True
COMP_v478,COMP,Composed,hard,False,2.0,194.455,0.0,194455.0,True,101.602,0.0,101602.0,True,99.557,0.0,99557.0,True,102.323,0.0,102323.0,True,96.795,0.0,96795.0,True
COMP_v479,COMP,Composed,hard,False,2.0,182.696,0.001,182696.0,True,106.585,0.0,106585.0,True,94.607,0.0,94607.0,True,95.796,0.0,95796.0,True,104.266,0.001,104266.0,True
COMP_v480,COMP,Composed,hard,False,2.0,724.069,11.033,65.63,True,630.532,2.917,216.16,True,626.628,3.002,208.74,True,654.687,2.816,232.49,True,637.634,3.057,208.58,True
COMP_v481,COMP,Composed,hard,False,2.0,92.926,48.053,1.93,False,59.672,31.437,1.9,False,59.604,30.76,1.94,False,60.321,4.529,13.32,True,58.951,31.185,1.89,False
COMP_v482,COMP,Composed,hard,False,2.0,1.679,0.535,3.14,True,1.157,0.238,4.86,True,1.122,0.23,4.88,True,1.132,0.153,7.4,True,1.242,0.248,5.01,True
COMP_v483,COMP,Composed,hard,False,2.0,1.896,0.043,44.09,True,0.553,0.005,110.6,True,0.539,0.005,107.8,True,0.543,0.004,135.75,True,0.629,0.005,125.8,True
COMP_v484,COMP,Composed,hard,False,2.0,1.639,0.422,3.88,True,1.177,0.236,4.99,True,1.137,0.232,4.9,True,1.093,0.149,7.34,True,1.163,0.24,4.85,True
COMP_v485,COMP,Composed,hard,False,2.0,7.406,1.039,7.13,True,7.258,0.644,11.27,True,8.333,0.781,10.67,True,7.578,0.341,22.22,True,8.031,0.667,12.04,True
COMP_v486,COMP,Composed,hard,False,2.0,27.139,10.046,2.7,True,13.821,1.812,7.63,True,12.346,1.632,7.56,True,13.308,1.786,7.45,True,13.768,1.694,8.13,True
COMP_v487,COMP,Composed,hard,False,2.0,745.323,10.858,68.64,True,619.279,2.832,218.67,True,626.802,2.92,214.66,True,616.97,3.097,199.22,True,628.552,2.919,215.33,True
COMP_v488,COMP,Composed,hard,False,2.0,2.098,0.047,44.64,True,0.863,0.006,143.83,True,0.851,0.007,121.57,True,0.822,0.006,137.0,True,0.85,0.006,141.67,True
COMP_v489,COMP,Composed,hard,False,2.0,18.09,0.884,20.46,True,13.811,0.04,345.27,True,13.988,0.075,186.51,True,14.245,0.039,365.26,True,13.441,0.042,320.02,True
COMP_v490,COMP,Composed,hard,False,2.0,45.433,0.957,47.47,True,40.053,0.57,70.27,True,42.196,0.607,69.52,True,42.823,0.431,99.36,True,39.038,0.578,67.54,True
COMP_v491,COMP,Composed,hard,False,2.0,4.949,0.031,159.65,True,1.991,0.01,199.1,True,1.999,0.011,181.73,True,1.995,0.011,181.36,True,2.057,0.011,187.0,True
COMP_v492,COMP,Composed,hard,False,2.0,102.528,45.411,2.26,True,61.965,34.158,1.81,False,60.088,30.295,1.98,False,60.509,5.532,10.94,True,63.629,31.827,2.0,False
COMP_v493,COMP,Composed,hard,False,2.0,5.817,0.001,5817.0,True,2.892,0.001,2892.0,True,2.997,0.001,2997.0,True,2.895,0.001,2895.0,True,2.896,0.0,2896.0,True
COMP_v494,COMP,Composed,hard,False,2.0,49.032,0.895,54.78,True,41.237,0.528,78.1,True,46.659,0.614,75.99,True,51.814,0.069,750.93,True,41.206,0.527,78.19,True
COMP_v495,COMP,Composed,hard,False,2.0,263.992,1.002,263.47,True,229.711,0.623,368.72,True,219.402,0.595,368.74,True,223.529,0.142,1574.15,True,220.747,0.594,371.63,True
COMP_v496,COMP,Composed,hard,False,2.0,55.374,1.829,30.28,True,51.05,0.93,54.89,True,44.62,0.778,57.35,True,43.999,0.314,140.12,True,47.599,0.845,56.33,True
COMP_v497,COMP,Composed,hard,False,2.0,47.928,0.715,67.03,True,43.82,0.057,768.77,True,43.35,0.057,760.53,True,42.22,0.053,796.6,True,39.618,0.052,761.88,True
COMP_v498,COMP,Composed,hard,False,2.0,974.916,10.941,89.11,True,462.954,3.339,138.65,True,449.193,2.265,198.32,True,450.963,2.272,198.49,True,463.555,2.357,196.67,True
COMP_v499,COMP,Composed,hard,False,2.0,200.584,0.0,200584.0,True,100.979,0.0,100979.0,True,95.023,0.0,95023.0,True,96.709,0.001,96709.0,True,92.233,0.001,92233.0,True
COMP_v500,COMP,Composed,hard,False,2.0,19.939,1.098,18.16,True,13.881,0.289,48.03,True,13.866,0.288,48.15,True,14.924,0.116,128.66,True,15.906,0.353,45.06,True
COMP_v501,COMP,Composed,hard,False,2.0,2.109,0.048,43.94,True,0.878,0.003,292.67,True,0.863,0.003,287.67,True,0.83,0.003,276.67,True,0.886,0.004,221.5,True
COMP_v502,COMP,Composed,hard,False,2.0,18.879,0.246,76.74,True,16.82,0.114,147.54,True,15.485,0.134,115.56,True,,,,,14.404,0.12,120.03,True
COMP_v503,COMP,Composed,hard,False,2.0,2.226,0.824,2.7,True,1.257,0.46,2.73,True,1.259,0.4,3.15,True,1.279,0.466,2.74,True,1.349,0.394,3.42,True
COMP_v504,COMP,Composed,hard,False,2.0,248.854,0.711,350.01,True,228.723,0.061,3749.56,True,240.213,0.16,1501.33,True,221.583,0.056,3956.84,True,219.488,0.058,3784.28,True
COMP_v505,COMP,Composed,hard,False,2.0,2.672,0.16,16.7,True,2.904,0.085,34.16,True,3.032,0.081,37.43,True,2.426,0.076,31.92,True,2.658,0.08,33.23,True
COMP_v506,COMP,Composed,hard,False,2.0,46.745,0.871,53.67,True,40.755,0.526,77.48,True,43.764,0.567,77.19,True,46.752,0.068,687.53,True,42.555,0.565,75.32,True
COMP_v507,COMP,Composed,hard,False,2.0,733.901,6.61,111.03,True,653.25,1.618,403.74,True,626.093,1.468,426.49,True,649.769,1.583,410.47,True,638.782,1.65,387.14,True
COMP_v508,COMP,Composed,hard,False,2.0,205.672,0.0,205672.0,True,98.116,0.0,98116.0,True,96.239,0.0,96239.0,True,98.447,0.0,98447.0,True,91.468,0.0,91468.0,True
COMP_v509,COMP,Composed,hard,False,2.0,6.263,0.001,6263.0,True,2.968,0.001,2968.0,True,2.891,0.001,2891.0,True,2.781,0.001,2781.0,True,2.768,0.001,2768.0,True
COMP_v510,COMP,Composed,hard,False,2.0,18.599,0.246,75.61,True,15.412,0.119,129.51,True,13.381,0.117,114.37,True,,,,,15.603,0.13,120.02,True
COMP_v511,COMP,Composed,hard,False,2.0,46.563,0.895,52.03,True,41.353,0.554,74.64,True,45.3,0.668,67.81,True,42.544,0.197,215.96,True,39.077,0.554,70.54,True
COMP_v512,COMP,Composed,hard,False,2.0,2.389,0.893,2.68,True,1.27,0.481,2.64,True,1.904,0.487,3.91,True,1.412,0.531,2.66,True,1.249,0.412,3.03,True
COMP_v513,COMP,Composed,hard,False,2.0,4.631,0.028,165.39,True,2.216,0.013,170.46,True,1.994,0.012,166.17,True,1.997,0.01,199.7,True,1.994,0.02,99.7,True
COMP_v514,COMP,Composed,hard,False,2.0,46.11,0.86,53.62,True,60.197,0.569,105.79,True,42.525,0.573,74.21,True,42.096,0.062,678.97,True,40.89,0.528,77.44,True
COMP_v515,COMP,Composed,hard,False,2.0,23.673,7.495,3.16,True,9.25,0.994,9.31,True,8.855,0.628,14.1,True,8.927,0.888,10.05,True,8.912,0.583,15.29,True
COMP_v516,COMP,Composed,hard,False,2.0,6.233,1.626,3.83,True,9.245,1.111,8.32,True,6.969,0.93,7.49,True,6.672,0.953,7.0,True,6.699,0.965,6.94,True
COMP_v517,COMP,Composed,hard,False,2.0,8.731,1.311,6.66,True,8.881,0.741,11.99,True,7.697,0.658,11.7,True,7.798,0.348,22.41,True,7.649,0.632,12.1,True
COMP_v518,COMP,Composed,hard,False,2.0,24.443,8.43,2.9,True,12.661,1.61,7.86,True,12.257,1.668,7.35,True,12.633,1.589,7.95,True,12.573,1.54,8.16,True
COMP_v519,COMP,Composed,hard,False,2.0,15.765,1.629,9.68,True,16.573,1.13,14.67,True,15.53,1.166,13.32,True,17.064,0.435,39.23,True,16.277,1.463,11.13,True
COMP_v520,COMP,Composed,hard,False,2.0,17.747,0.77,23.05,True,13.011,0.036,361.42,True,12.985,0.066,196.74,True,13.587,0.036,377.42,True,12.992,0.037,351.14,True
COMP_v521,COMP,Composed,hard,False,2.0,6.69,0.002,3345.0,True,2.778,0.0,2778.0,True,2.868,0.001,2868.0,True,2.909,0.001,2909.0,True,2.904,0.001,2904.0,True
COMP_v522,COMP,Composed,hard,False,2.0,18.106,1.037,17.46,True,13.122,0.402,32.64,True,12.904,0.409,31.55,True,13.117,0.073,179.68,True,13.064,0.401,32.58,True
COMP_v523,COMP,Composed,hard,False,2.0,52.355,1.68,31.16,True,43.672,0.785,55.63,True,42.512,0.801,53.07,True,42.892,0.556,77.14,True,47.251,0.87,54.31,True
COMP_v524,COMP,Composed,hard,False,2.0,5.674,0.002,2837.0,True,2.967,0.001,2967.0,True,2.726,0.0,2726.0,True,2.76,0.0,2760.0,True,2.786,0.0,2786.0,True
COMP_v525,COMP,Composed,hard,False,2.0,87.633,37.269,2.35,True,57.816,1.253,46.14,True,59.018,1.253,47.1,True,62.317,2.274,27.4,True,59.975,1.396,42.96,True
COMP_v526,COMP,Composed,hard,False,2.0,7.196,1.556,4.62,True,6.851,0.926,7.4,True,7.11,1.036,6.86,True,7.382,1.024,7.21,True,7.244,1.053,6.88,True
COMP_v527,COMP,Composed,hard,False,2.0,10.47,1.14,9.18,True,13.606,0.144,94.49,True,13.104,0.112,117.0,True,13.702,0.153,89.56,True,13.834,0.144,96.07,True
COMP_v528,COMP,Composed,hard,False,2.0,5.344,0.001,5344.0,True,3.125,0.0,3125.0,True,2.828,0.001,2828.0,True,2.744,0.001,2744.0,True,2.984,0.001,2984.0,True
COMP_v529,COMP,Composed,hard,False,2.0,720.854,6.284,114.71,True,624.85,1.403,445.37,True,634.046,1.412,449.04,True,639.524,1.504,425.22,True,622.992,1.346,462.85,True
COMP_v530,COMP,Composed,hard,False,2.0,964.572,10.358,93.12,True,461.376,2.355,195.91,True,486.147,2.284,212.85,True,477.226,2.205,216.43,True,476.044,2.231,213.38,True
COMP_v531,COMP,Composed,hard,False,2.0,717.783,6.01,119.43,True,624.574,1.499,416.66,True,635.108,1.369,463.92,True,632.838,1.457,434.34,True,619.189,1.42,436.05,True
COMP_v532,COMP,Composed,hard,False,2.0,11.279,1.437,7.85,True,13.793,1.068,12.91,True,14.619,1.091,13.4,True,13.895,0.139,99.96,True,13.817,1.144,12.08,True
COMP_v533,COMP,Composed,hard,False,2.0,27.735,9.264,2.99,True,13.75,1.824,7.54,True,13.787,1.702,8.1,True,13.341,1.531,8.71,True,13.238,1.772,7.47,True
COMP_v534,COMP,Composed,hard,False,2.0,2.419,0.885,2.73,True,1.439,0.546,2.64,True,1.3,0.421,3.09,True,1.35,0.488,2.77,True,1.316,0.435,3.03,True
COMP_v535,COMP,Composed,hard,False,2.0,91.553,43.118,2.12,True,59.642,31.573,1.89,False,62.477,31.204,2.0,False,61.088,1.659,36.82,True,61.434,31.806,1.93,False
COMP_v536,COMP,Composed,hard,False,2.0,5.288,0.869,6.09,True,6.41,0.1,64.1,True,6.452,0.11,58.65,True,6.365,0.103,61.8,True,6.46,0.101,63.96,True
COMP_v537,COMP,Composed,hard,False,2.0,728.523,6.294,115.75,True,632.471,1.487,425.33,True,610.782,1.41,433.18,True,629.561,1.472,427.69,True,622.185,1.601,388.62,True
COMP_v538,COMP,Composed,hard,False,2.0,968.201,10.618,91.18,True,443.858,2.105,210.86,True,457.527,2.152,212.61,True,480.189,2.264,212.1,True,470.503,2.201,213.77,True
COMP_v539,COMP,Composed,hard,False,2.0,1.618,0.471,3.44,True,1.198,0.239,5.01,True,1.114,0.229,4.86,True,1.086,0.154,7.05,True,1.167,0.231,5.05,True
COMP_v540,COMP,Composed,hard,False,2.0,28.535,9.189,3.11,True,13.631,1.616,8.44,True,12.853,1.488,8.64,True,12.704,1.634,7.77,True,13.759,1.717,8.01,True
COMP_v541,COMP,Composed,hard,False,2.0,15.842,1.709,9.27,True,15.232,1.203,12.66,True,16.048,1.497,10.72,True,16.759,0.429,39.07,True,23.301,1.559,14.95,True
COMP_v542,COMP,Composed,hard,False,2.0,1.566,0.401,3.91,True,1.164,0.232,5.02,True,1.163,0.24,4.85,True,1.103,0.156,7.07,True,1.171,0.239,4.9,True
COMP_v543,COMP,Composed,hard,False,2.0,82.927,36.262,2.29,True,60.906,2.266,26.88,True,60.649,2.191,27.68,True,64.517,2.376,27.15,True,57.888,1.162,49.82,True
COMP_v544,COMP,Composed,hard,False,2.0,79.368,1.239,64.06,True,71.725,0.077,931.49,True,71.821,0.082,875.87,True,69.036,0.079,873.87,True,74.373,0.087,854.86,True
COMP_v545,COMP,Composed,hard,False,2.0,18.926,0.27,70.1,True,14.896,0.114,130.67,True,13.897,0.119,116.78,True,,,,,15.602,0.122,127.89,True
COMP_v546,COMP,Composed,hard,False,2.0,2.156,0.047,45.87,True,0.785,0.003,261.67,True,0.821,0.003,273.67,True,0.827,0.004,206.75,True,0.81,0.003,270.0,True
COMP_v547,COMP,Composed,hard,False,2.0,5.614,0.001,5614.0,True,2.812,0.001,2812.0,True,2.909,0.001,2909.0,True,2.716,0.001,2716.0,True,2.732,0.001,2732.0,True
COMP_v548,COMP,Composed,hard,False,2.0,252.883,0.923,273.98,True,222.348,0.566,392.84,True,216.386,0.54,400.71,True,217.609,0.065,3347.83,True,227.911,0.54,422.06,True
COMP_v549,COMP,Composed,hard,False,2.0,2.103,0.062,33.92,True,1.275,0.007,182.14,True,1.321,0.009,146.78,True,1.218,0.006,203.0,True,1.239,0.005,247.8,True
COMP_v550,COMP,Composed,hard,False,2.0,1211.676,6.398,189.38,True,304.43,1.144,266.11,True,321.871,1.136,283.34,True,298.111,1.068,279.13,True,311.388,1.107,281.29,True
COMP_v551,COMP,Composed,hard,False,2.0,25.215,6.471,3.9,True,12.121,2.299,5.27,True,11.533,2.024,5.7,True,11.689,2.136,5.47,True,11.84,2.381,4.97,True
COMP_v552,COMP,Composed,hard,False,2.0,2.361,0.861,2.74,True,1.198,0.445,2.69,True,1.289,0.395,3.26,True,1.252,0.465,2.69,True,1.29,0.403,3.2,True
COMP_v553,COMP,Composed,hard,False,2.0,243.964,0.927,263.18,True,219.681,0.541,406.06,True,228.381,0.564,404.93,True,216.471,0.067,3230.91,True,219.455,0.562,390.49,True
COMP_v554,COMP,Composed,hard,False,2.0,5.92,1.427,4.15,True,6.658,0.652,10.21,True,6.969,0.732,9.52,True,6.352,0.616,10.31,True,6.416,0.659,9.74,True
COMP_v555,COMP,Composed,hard,False,2.0,1239.305,5.922,209.27,True,317.855,1.15,276.4,True,315.87,1.083,291.66,True,293.266,1.054,278.24,True,297.486,1.039,286.32,True
COMP_v556,COMP,Composed,hard,False,2.0,5.644,0.001,5644.0,True,2.725,0.0,2725.0,True,2.922,0.001,2922.0,True,3.099,0.001,3099.0,True,2.661,0.001,2661.0,True
COMP_v557,COMP,Composed,hard,False,2.0,94.287,45.198,2.09,True,59.551,31.576,1.89,False,59.087,29.18,2.02,True,58.819,5.043,11.66,True,58.487,29.632,1.97,False
COMP_v558,COMP,Composed,hard,False,2.0,4.634,0.028,165.5,True,2.0,0.009,222.22,True,2.062,0.013,158.62,True,2.001,0.013,153.92,True,2.064,0.014,147.43,True
COMP_v559,COMP,Composed,hard,False,2.0,28.998,9.824,2.95,True,24.421,3.527,6.92,True,25.793,2.873,8.98,True,21.194,3.162,6.7,True,23.04,3.388,6.8,True
COMP_v560,COMP,Composed,hard,False,2.0,712.808,10.678,66.75,True,622.996,2.923,213.14,True,610.278,2.773,220.08,True,626.748,2.741,228.66,True,610.111,2.743,222.42,True
COMP_v561,COMP,Composed,hard,False,2.0,56.04,1.532,36.58,True,44.968,0.31,145.06,True,48.507,0.395,122.8,True,43.262,0.31,139.55,True,44.301,0.268,165.3,True
COMP_v562,COMP,Composed,hard,False,2.0,25.755,6.338,4.06,True,9.298,0.622,14.95,True,9.362,0.6,15.6,True,9.453,0.626,15.1,True,9.163,0.596,15.37,True
COMP_v563,COMP,Composed,hard,False,2.0,7.191,0.992,7.25,True,8.004,0.721,11.1,True,7.605,0.647,11.75,True,7.405,0.338,21.91,True,8.284,0.682,12.15,True
COMP_v564,COMP,Composed,hard,False,2.0,183.489,0.0,183489.0,True,93.223,0.0,93223.0,True,95.895,0.0,95895.0,True,90.772,0.0,90772.0,True,92.459,0.0,92459.0,True
COMP_v565,COMP,Composed,hard,False,2.0,192.974,0.001,192974.0,True,98.855,0.0,98855.0,True,94.028,0.0,94028.0,True,92.371,0.0,92371.0,True,94.385,0.0,94385.0,True
COMP_v566,COMP,Composed,hard,False,2.0,26.286,9.603,2.74,True,12.27,1.593,7.7,True,12.228,1.445,8.46,True,12.501,1.672,7.48,True,13.038,1.746,7.47,True
COMP_v567,COMP,Composed,hard,False,2.0,26.018,8.861,2.94,True,12.282,1.607,7.64,True,12.649,1.578,8.02,True,12.31,1.542,7.98,True,12.856,1.634,7.87,True
COMP_v568,COMP,Composed,hard,False,2.0,47.49,0.678,70.04,True,41.049,0.057,720.16,True,39.447,0.054,730.5,True,39.865,0.056,711.88,True,39.969,0.052,768.63,True
COMP_v569,COMP,Composed,hard,False,2.0,18.321,1.013,18.09,True,13.086,0.269,48.65,True,13.692,0.28,48.9,True,13.949,0.038,367.08,True,13.194,0.295,44.73,True
COMP_v570,COMP,Composed,hard,False,2.0,23.998,8.254,2.91,True,12.425,1.594,7.79,True,12.303,1.533,8.03,True,12.375,1.543,8.02,True,12.367,1.725,7.17,True
COMP_v571,COMP,Composed,hard,False,2.0,3.565,0.155,23.0,True,3.268,0.09,36.31,True,3.962,0.088,45.02,True,3.69,0.086,42.91,True,4.033,0.087,46.36,True
COMP_v572,COMP,Composed,hard,False,2.0,238.573,0.683,349.3,True,220.342,0.061,3612.16,True,217.237,0.056,3879.23,True,223.282,0.064,3488.78,True,230.428,0.06,3840.47,True
COMP_v573,COMP,Composed,hard,False,2.0,3.462,0.163,21.24,True,3.592,0.094,38.21,True,3.119,0.086,36.27,True,5.001,0.087,57.48,True,3.37,0.085,39.65,True
COMP_v574,COMP,Composed,hard,False,2.0,24.155,8.327,2.9,True,13.056,1.715,7.61,True,13.694,1.837,7.45,True,13.742,1.673,8.21,True,14.251,1.821,7.83,True
COMP_v575,COMP,Composed,hard,False,2.0,5.569,1.255,4.44,True,6.729,0.654,10.29,True,6.873,0.693,9.92,True,6.957,0.707,9.84,True,7.308,0.81,9.02,True
COMP_v576,COMP,Composed,hard,False,2.0,713.547,10.37,68.81,True,614.928,2.893,212.56,True,627.396,2.939,213.47,True,621.159,3.097,200.57,True,616.392,2.854,215.97,True
COMP_v577,COMP,Composed,hard,False,2.0,28.035,11.104,2.52,True,11.616,1.991,5.83,True,12.191,2.25,5.42,True,12.132,2.144,5.66,True,12.136,2.193,5.53,True
COMP_v578,COMP,Composed,hard,False,2.0,728.308,6.192,117.62,True,640.077,1.437,445.43,True,647.989,1.583,409.34,True,625.107,1.507,414.8,True,620.366,1.357,457.16,True
COMP_v579,COMP,Composed,hard,False,2.0,18.675,1.217,15.35,True,17.309,0.425,40.73,True,14.072,0.455,30.93,True,14.05,0.089,157.87,True,13.864,0.484,28.64,True
COMP_v580,COMP,Composed,hard,False,2.0,192.693,0.0,192693.0,True,102.563,0.001,102563.0,True,101.449,0.0,101449.0,True,94.705,0.0,94705.0,True,94.044,0.0,94044.0,True
COMP_v581,COMP,Composed,hard,False,2.0,4.604,0.034,135.41,True,2.06,0.019,108.42,True,2.061,0.015,137.4,True,2.054,0.016,128.38,True,2.001,0.016,125.06,True
COMP_v582,COMP,Composed,hard,False,2.0,23.784,6.545,3.63,True,9.199,0.609,15.11,True,9.35,0.599,15.61,True,9.682,0.61,15.87,True,9.152,1.099,8.33,True
COMP_v583,COMP,Composed,hard,False,2.0,1175.255,6.176,190.29,True,309.256,1.126,274.65,True,313.967,1.09,288.04,True,306.877,1.084,283.1,True,309.585,1.072,288.79,True
COMP_v584,COMP,Composed,hard,False,2.0,1.995,0.045,44.33,True,0.873,0.007,124.71,True,0.83,0.006,138.33,True,0.818,0.006,136.33,True,0.821,0.006,136.83,True
COMP_v585,COMP,Composed,hard,False,2.0,911.223,10.328,88.23,True,447.279,2.197,203.59,True,446.478,2.276,196.17,True,464.134,2.198,211.16,True,483.025,2.356,205.02,True
COMP_v586,COMP,Composed,hard,False,2.0,2.164,0.144,15.03,True,3.316,0.709,4.68,True,2.143,0.081,26.46,True,2.377,0.081,29.35,True,2.267,0.082,27.65,True
COMP_v587,COMP,Composed,hard,False,2.0,924.454,10.044,92.04,True,457.969,2.218,206.48,True,461.687,2.366,195.13,True,456.711,2.266,201.55,True,484.401,2.375,203.96,True
COMP_v588,COMP,Composed,hard,False,2.0,7.945,1.708,4.65,True,8.691,1.029,8.45,True,8.267,0.954,8.67,True,8.333,1.104,7.55,True,7.846,1.025,7.65,True
COMP_v589,COMP,Composed,hard,False,2.0,5.737,0.949,6.05,True,7.68,0.214,35.89,True,7.238,0.168,43.08,True,7.04,0.166,42.41,True,6.546,0.127,51.54,True
COMP_v590,COMP,Composed,hard,False,2.0,4.646,0.052,89.35,True,1.919,0.017,112.88,True,2.002,0.015,133.47,True,2.083,0.017,122.53,True,2.142,0.014,153.0,True
COMP_v591,COMP,Composed,hard,False,2.0,186.809,0.0,186809.0,True,98.629,0.0,98629.0,True,100.4,0.0,100400.0,True,98.433,0.0,98433.0,True,99.485,0.0,99485.0,True
COMP_v592,COMP,Composed,hard,False,2.0,718.92,5.99,120.02,True,643.785,1.614,398.88,True,653.217,1.568,416.59,True,643.228,1.495,430.25,True,632.272,1.419,445.58,True
COMP_v593,COMP,Composed,hard,False,2.0,1226.574,6.6,185.84,True,300.686,1.062,283.13,True,311.191,1.062,293.02,True,317.847,1.122,283.29,True,301.844,1.092,276.41,True
COMP_v594,COMP,Composed,hard,False,2.0,260.54,0.754,345.54,True,229.061,0.059,3882.39,True,236.291,0.059,4004.93,True,214.858,0.082,2620.22,True,222.946,0.059,3778.75,True
COMP_v595,COMP,Composed,hard,False,2.0,32.444,9.155,3.54,True,12.459,1.662,7.5,True,11.92,1.673,7.12,True,12.128,1.323,9.17,True,12.13,2.209,5.49,True
COMP_v596,COMP,Composed,hard,False,2.0,26.331,8.835,2.98,True,14.35,1.479,9.7,True,12.85,1.688,7.61,True,13.849,1.879,7.37,True,13.261,1.667,7.96,True
COMP_v597,COMP,Composed,hard,False,2.0,88.644,2.162,41.0,True,75.94,0.579,131.16,True,72.172,0.873,82.67,True,71.729,0.159,451.13,True,73.554,0.636,115.65,True
COMP_v598,COMP,Composed,hard,False,2.0,94.881,45.257,2.1,True,58.746,29.445,2.0,False,63.443,32.674,1.94,False,58.767,2.246,26.17,True,65.246,32.469,2.01,True
COMP_v599,COMP,Composed,hard,False,2.0,2.193,0.05,43.86,True,0.537,0.005,107.4,True,0.553,0.005,110.6,True,0.666,0.007,95.14,True,0.539,0.004,134.75,True
COMP_v600,COMP,Composed,hard,False,2.0,18.582,1.2,15.49,True,15.401,0.558,27.6,True,13.709,0.425,32.26,True,13.609,0.076,179.07,True,17.08,0.45,37.96,True
COMP_v601,COMP,Composed,hard,False,2.0,83.223,38.018,2.19,True,58.048,1.218,47.66,True,58.514,1.2,48.76,True,60.048,1.969,30.5,True,63.281,1.287,49.17,True
COMP_v602,COMP,Composed,hard,False,2.0,783.029,10.154,77.12,True,629.548,3.038,207.22,True,620.787,3.296,188.35,True,639.409,3.248,196.86,True,692.342,3.356,206.3,True
COMP_v603,COMP,Composed,hard,False,2.0,93.92,46.224,2.03,True,58.575,29.306,2.0,False,58.808,29.282,2.01,True,59.158,4.335,13.65,True,65.093,33.061,1.97,False
COMP_v604,COMP,Composed,hard,False,2.0,12.555,1.472,8.53,True,20.55,0.466,44.1,True,20.966,0.518,40.47,True,15.009,0.197,76.19,True,17.978,0.361,49.8,True
COMP_v605,COMP,Composed,hard,False,2.0,240.102,0.866,277.25,True,232.811,0.594,391.94,True,223.597,0.599,373.28,True,220.199,0.133,1655.63,True,218.121,0.614,355.25,True
COMP_v606,COMP,Composed,hard,False,2.0,55.268,1.459,37.88,True,43.634,0.313,139.41,True,43.546,0.31,140.47,True,43.27,0.43,100.63,True,50.988,0.509,100.17,True
COMP_v607,COMP,Composed,hard,False,2.0,8.981,1.358,6.61,True,9.365,0.776,12.07,True,7.918,0.73,10.85,True,8.521,0.438,19.45,True,11.371,1.003,11.34,True
COMP_v608,COMP,Composed,hard,False,2.0,100.565,46.722,2.15,True,62.287,32.926,1.89,False,59.517,31.56,1.89,False,58.186,1.421,40.95,True,58.802,29.351,2.0,False
COMP_v609,COMP,Composed,hard,False,2.0,737.023,6.467,113.97,True,620.375,1.488,416.92,True,624.932,1.454,429.8,True,616.458,1.45,425.14,True,623.83,1.48,421.51,True
COMP_v610,COMP,Composed,hard,False,2.0,5.789,0.001,5789.0,True,3.033,0.0,3033.0,True,2.948,0.001,2948.0,True,2.722,0.001,2722.0,True,2.998,0.001,2998.0,True
COMP_v611,COMP,Composed,hard,False,2.0,223.939,0.0,223939.0,True,100.67,0.0,100670.0,True,94.998,0.0,94998.0,True,95.285,0.0,95285.0,True,95.716,0.0,95716.0,True
COMP_v612,COMP,Composed,hard,False,2.0,2.728,0.974,2.8,True,1.256,0.466,2.7,True,1.33,0.402,3.31,True,1.3,0.506,2.57,True,1.27,0.36,3.53,True
COMP_v613,COMP,Composed,hard,False,2.0,3.055,0.229,13.34,True,6.2,1.432,4.33,True,5.995,1.061,5.65,True,4.972,0.078,63.74,True,1.564,0.0,1564.0,True
COMP_v614,COMP,Composed,hard,False,2.0,4.771,0.031,153.9,True,1.996,0.01,199.6,True,1.994,0.009,221.56,True,2.054,0.01,205.4,True,2.057,0.01,205.7,True
COMP_v615,COMP,Composed,hard,False,2.0,17.346,1.51,11.49,True,17.481,1.267,13.8,True,16.682,1.148,14.53,True,15.919,0.384,41.46,True,19.825,1.304,15.2,True
COMP_v616,COMP,Composed,hard,False,2.0,4.96,0.031,160.0,True,1.915,0.021,91.19,True,1.904,0.011,173.09,True,2.139,0.01,213.9,True,1.999,0.01,199.9,True
COMP_v617,COMP,Composed,hard,False,2.0,190.928,0.001,190928.0,True,91.345,0.0,91345.0,True,97.182,0.0,97182.0,True,98.745,0.0,98745.0,True,93.224,0.0,93224.0,True
COMP_v618,COMP,Composed,hard,False,2.0,51.053,0.969,52.69,True,45.467,0.597,76.16,True,43.363,0.571,75.94,True,48.35,0.15,322.33,True,39.97,0.562,71.12,True
COMP_v619,COMP,Composed,hard,False,2.0,46.831,0.864,54.2,True,43.657,0.646,67.58,True,41.201,0.56,73.57,True,39.602,0.129,306.99,True,41.639,0.573,72.67,True
COMP_v620,COMP,Composed,hard,False,2.0,18.048,0.238,75.83,True,14.18,0.111,127.75,True,14.573,0.125,116.58,True,,,,,13.129,0.118,111.26,True
COMP_v621,COMP,Composed,hard,False,2.0,30.256,9.803,3.09,True,21.31,3.45,6.18,True,23.413,3.419,6.85,True,23.108,3.376,6.84,True,21.509,3.196,6.73,True
COMP_v622,COMP,Composed,hard,False,2.0,707.984,6.186,114.45,True,648.025,1.478,438.45,True,623.403,1.424,437.78,True,625.371,1.65,379.01,True,623.687,1.431,435.84,True
COMP_v623,COMP,Composed,hard,False,2.0,2.45,0.896,2.73,True,1.223,0.478,2.56,True,1.351,0.414,3.26,True,1.338,0.507,2.64,True,1.253,0.367,3.41,True
COMP_v624,COMP,Composed,hard,False,2.0,48.822,0.683,71.48,True,39.44,0.055,717.09,True,43.801,0.054,811.13,True,43.051,0.055,782.75,True,40.146,0.057,704.32,True
COMP_v625,COMP,Composed,hard,False,2.0,44.79,0.866,51.72,True,41.395,0.594,69.69,True,43.526,0.599,72.66,True,39.565,0.124,319.07,True,39.451,0.556,70.96,True
COMP_v626,COMP,Composed,hard,False,2.0,19.053,0.238,80.05,True,14.812,0.114,129.93,True,13.529,0.125,108.23,True,,,,,13.788,0.116,118.86,True
COMP_v627,COMP,Composed,hard,False,2.0,1.974,0.044,44.86,True,0.56,0.004,140.0,True,0.549,0.005,109.8,True,0.576,0.005,115.2,True,0.593,0.005,118.6,True
COMP_v628,COMP,Composed,hard,False,2.0,11.84,1.308,9.05,True,14.353,0.157,91.42,True,14.094,0.162,87.0,True,13.602,0.152,89.49,True,16.011,0.189,84.71,True
COMP_v629,COMP,Composed,hard,False,2.0,925.126,10.559,87.61,True,445.681,2.197,202.86,True,450.975,2.098,214.95,True,460.205,2.206,208.62,True,467.698,2.292,204.06,True
COMP_v630,COMP,Composed,hard,False,2.0,7.326,1.602,4.57,True,8.183,1.059,7.73,True,8.555,1.045,8.19,True,7.554,0.996,7.58,True,7.469,1.042,7.17,True
COMP_v631,COMP,Composed,hard,False,2.0,81.906,36.937,2.22,True,58.22,1.051,55.39,True,60.197,2.172,27.72,True,60.157,1.624,37.04,True,58.025,1.263,45.94,True
COMP_v632,COMP,Composed,hard,False,2.0,2.357,0.862,2.73,True,1.231,0.49,2.51,True,1.383,0.378,3.66,True,1.23,0.462,2.66,True,1.312,0.409,3.21,True
COMP_v633,COMP,Composed,hard,False,2.0,248.135,0.971,255.55,True,226.067,0.597,378.67,True,225.86,0.594,380.24,True,219.115,0.138,1587.79,True,216.871,0.571,379.81,True
COMP_v634,COMP,Composed,hard,False,2.0,55.512,1.829,30.35,True,52.487,0.829,63.31,True,47.986,0.866,55.41,True,50.661,0.336,150.78,True,48.582,0.829,58.6,True
COMP_v635,COMP,Composed,hard,False,2.0,929.234,10.531,88.24,True,474.076,2.356,201.22,True,455.4,2.159,210.93,True,450.733,2.167,208.0,True,448.885,2.194,204.6,True
COMP_v636,COMP,Composed,hard,False,2.0,924.828,11.381,81.26,True,457.295,2.274,201.1,True,462.497,2.268,203.92,True,451.494,2.388,189.07,True,451.683,2.23,202.55,True
COMP_v637,COMP,Composed,hard,False,2.0,16.108,1.662,9.69,True,17.346,1.293,13.42,True,17.255,1.266,13.63,True,18.788,0.469,40.06,True,17.465,1.214,14.39,True
COMP_v638,COMP,Composed,hard,False,2.0,19.08,0.28,68.14,True,15.585,0.114,136.71,True,13.953,0.162,86.13,True,,,,,13.364,0.164,81.49,True
COMP_v639,COMP,Composed,hard,False,2.0,1.368,0.17,8.05,True,4.821,0.151,31.93,True,5.173,0.336,15.4,True,4.981,0.484,10.29,True,1.595,0.0,1595.0,True
COMP_v640,COMP,Composed,hard,False,2.0,5.409,0.001,5409.0,True,2.794,0.001,2794.0,True,2.722,0.001,2722.0,True,2.61,0.001,2610.0,True,2.79,0.0,2790.0,True
COMP_v641,COMP,Composed,hard,False,2.0,4.629,0.028,165.32,True,2.0,0.011,181.82,True,1.961,0.01,196.1,True,1.995,0.011,181.36,True,2.029,0.011,184.45,True
COMP_v642,COMP,Composed,hard,False,2.0,25.41,6.663,3.81,True,13.217,2.151,6.14,True,11.709,2.1,5.58,True,11.572,2.176,5.32,True,11.58,1.993,5.81,True
COMP_v643,COMP,Composed,hard,False,2.0,4.767,0.028,170.25,True,1.902,0.01,190.2,True,2.057,0.011,187.0,True,1.96,0.01,196.0,True,1.998,0.011,181.64,True
COMP_v644,COMP,Composed,hard,False,2.0,8.45,1.743,4.85,True,8.266,1.001,8.26,True,7.836,0.995,7.88,True,7.571,0.987,7.67,True,7.779,1.069,7.28,True
COMP_v645,COMP,Composed,hard,False,2.0,1.669,0.432,3.86,True,1.142,0.237,4.82,True,1.147,0.23,4.99,True,1.132,0.153,7.4,True,1.166,0.236,4.94,True
COMP_v646,COMP,Composed,hard,False,2.0,6.017,1.298,4.64,True,7.044,0.646,10.9,True,6.727,0.638,10.54,True,6.475,0.612,10.58,True,6.399,0.627,10.21,True
COMP_v647,COMP,Composed,hard,False,2.0,5.404,0.001,5404.0,True,2.893,0.001,2893.0,True,2.725,0.001,2725.0,True,2.83,0.001,2830.0,True,2.896,0.0,2896.0,True
COMP_v648,COMP,Composed,hard,False,2.0,1.703,0.157,10.85,True,1.694,0.079,21.44,True,1.19,0.075,15.87,True,1.587,0.076,20.88,True,1.735,0.078,22.24,True
COMP_v649,COMP,Composed,hard,False,2.0,896.813,10.256,87.44,True,482.43,2.329,207.14,True,495.091,2.45,202.08,True,477.133,2.277,209.54,True,495.271,2.21,224.1,True
COMP_v650,COMP,Composed,hard,False,2.0,1.916,0.401,4.78,True,1.165,0.226,5.15,True,1.171,0.216,5.42,True,1.144,0.138,8.29,True,1.191,0.234,5.09,True
COMP_v651,COMP,Composed,hard,False,2.0,710.336,5.949,119.4,True,655.542,1.52,431.28,True,641.272,1.435,446.88,True,669.902,1.529,438.13,True,654.903,1.446,452.91,True
COMP_v652,COMP,Composed,hard,False,2.0,718.4,6.21,115.68,True,647.15,1.653,391.5,True,653.027,1.567,416.74,True,646.514,1.537,420.63,True,668.995,1.534,436.11,True
COMP_v653,COMP,Composed,hard,False,2.0,19.255,0.832,23.14,True,13.828,0.041,337.27,True,13.222,0.04,330.55,True,15.211,0.043,353.74,True,14.197,0.04,354.92,True
COMP_v654,COMP,Composed,hard,False,2.0,16.768,1.783,9.4,True,16.103,1.257,12.81,True,16.265,1.16,14.02,True,17.733,0.398,44.56,True,16.873,1.263,13.36,True
COMP_v655,COMP,Composed,hard,False,2.0,937.251,10.663,87.9,True,462.537,2.382,194.18,True,453.089,2.357,192.23,True,464.92,2.261,205.63,True,456.503,2.214,206.19,True
COMP_v656,COMP,Composed,hard,False,2.0,2.237,0.057,39.25,True,1.235,0.014,88.21,True,1.392,0.014,99.43,True,1.192,0.01,119.2,True,1.246,0.011,113.27,True
COMP_v657,COMP,Composed,hard,False,2.0,758.052,6.722,112.77,True,662.583,1.448,457.58,True,672.441,1.532,438.93,True,629.943,1.514,416.08,True,627.251,1.459,429.92,True
COMP_v658,COMP,Composed,hard,False,2.0,1.755,0.454,3.87,True,1.516,0.246,6.16,True,1.129,0.224,5.04,True,1.153,0.138,8.36,True,1.201,0.234,5.13,True
COMP_v659,COMP,Composed,hard,False,2.0,2.027,0.045,45.04,True,0.655,0.007,93.57,True,0.567,0.004,141.75,True,0.549,0.004,137.25,True,0.542,0.004,135.5,True
COMP_v660,COMP,Composed,hard,False,2.0,23.767,6.303,3.77,True,9.421,1.056,8.92,True,10.03,0.943,10.64,True,9.339,1.075,8.69,True,9.669,1.715,5.64,True
COMP_v661,COMP,Composed,hard,False,2.0,212.402,0.0,212402.0,True,92.716,0.0,92716.0,True,91.819,0.001,91819.0,True,91.174,0.0,91174.0,True,92.786,0.001,92786.0,True
COMP_v662,COMP,Composed,hard,False,2.0,100.954,44.006,2.29,True,60.31,32.828,1.84,False,58.603,29.531,1.98,False,58.323,1.633,35.72,True,58.909,29.308,2.01,True
COMP_v663,COMP,Composed,hard,False,2.0,2.671,0.828,3.23,True,1.285,0.485,2.65,True,1.259,0.377,3.34,True,1.264,0.486,2.6,True,1.295,0.374,3.46,True
COMP_v664,COMP,Composed,hard,False,2.0,1.852,0.144,12.86,True,3.442,0.081,42.49,True,3.138,0.079,39.72,True,1.704,0.079,21.57,True,1.424,0.076,18.74,True
COMP_v665,COMP,Composed,hard,False,2.0,5.634,0.001,5634.0,True,2.917,0.001,2917.0,True,2.89,0.001,2890.0,True,2.931,0.001,2931.0,True,2.594,0.0,2594.0,True
COMP_v666,COMP,Composed,hard,False,2.0,92.489,43.861,2.11,True,59.073,30.944,1.91,False,62.931,31.519,2.0,False,61.557,2.523,24.4,True,61.827,31.472,1.96,False
COMP_v667,COMP,Composed,hard,False,2.0,6.07,1.359,4.47,True,6.706,0.637,10.53,True,6.436,0.622,10.35,True,6.481,0.642,10.1,True,6.257,0.668,9.37,True
COMP_v668,COMP,Composed,hard,False,2.0,4.589,0.026,176.5,True,2.057,0.011,187.0,True,1.895,0.009,210.56,True,1.995,0.01,199.5,True,2.203,0.02,110.15,True
COMP_v669,COMP,Composed,hard,False,2.0,5.436,0.866,6.28,True,6.697,0.134,49.98,True,6.5,0.107,60.75,True,7.358,0.204,36.07,True,6.458,0.116,55.67,True
COMP_v670,COMP,Composed,hard,False,2.0,1.386,0.407,3.41,True,1.03,0.118,8.73,True,1.096,0.107,10.24,True,1.086,0.105,10.34,True,1.166,0.132,8.83,True
COMP_v671,COMP,Composed,hard,False,2.0,238.209,0.91,261.77,True,228.198,0.567,402.47,True,214.508,0.544,394.32,True,231.132,0.07,3301.89,True,241.131,0.595,405.26,True
COMP_v672,COMP,Composed,hard,False,2.0,1225.448,5.972,205.2,True,294.32,1.064,276.62,True,346.103,1.23,281.38,True,324.665,1.173,276.78,True,310.219,1.093,283.82,True
COMP_v673,COMP,Composed,hard,False,2.0,953.635,11.032,86.44,True,474.881,2.352,201.91,True,462.359,2.208,209.4,True,463.31,2.264,204.64,True,491.545,3.572,137.61,True
COMP_v674,COMP,Composed,hard,False,2.0,2.229,0.061,36.54,True,1.498,0.016,93.62,True,1.227,0.012,102.25,True,1.376,0.015,91.73,True,1.272,0.011,115.64,True
COMP_v675,COMP,Composed,hard,False,2.0,738.265,6.563,112.49,True,650.559,1.559,417.29,True,656.141,1.76,372.81,True,690.209,1.672,412.8,True,657.71,1.567,419.73,True
COMP_v676,COMP,Composed,hard,False,2.0,761.675,6.972,109.25,True,644.464,1.412,456.42,True,670.344,1.634,410.25,True,671.419,1.512,444.06,True,639.124,1.449,441.08,True
COMP_v677,COMP,Composed,hard,False,2.0,20.171,0.881,22.9,True,14.811,0.041,361.24,True,15.23,0.041,371.46,True,16.715,0.048,348.23,True,14.641,0.041,357.1,True
COMP_v678,COMP,Composed,hard,False,2.0,249.24,0.903,276.01,True,227.864,0.594,383.61,True,243.463,0.63,386.45,True,249.406,0.167,1493.45,True,231.285,0.629,367.7,True
COMP_v679,COMP,Composed,hard,False,2.0,2.495,0.066,37.8,True,1.43,0.018,79.44,True,1.283,0.014,91.64,True,1.398,0.014,99.86,True,1.269,0.013,97.62,True
COMP_v680,COMP,Composed,hard,False,2.0,34.464,10.5,3.28,True,24.183,3.459,6.99,True,24.161,3.423,7.06,True,22.446,3.366,6.67,True,21.942,3.138,6.99,True
COMP_v681,COMP,Composed,hard,False,2.0,745.382,7.511,99.24,True,657.053,1.594,412.2,True,631.301,1.514,416.98,True,627.368,1.416,443.06,True,638.752,1.374,464.89,True
COMP_v682,COMP,Composed,hard,False,2.0,5.783,0.001,5783.0,True,3.174,0.001,3174.0,True,2.904,0.001,2904.0,True,2.728,0.0,2728.0,True,3.116,0.0,3116.0,True
COMP_v683,COMP,Composed,hard,False,2.0,52.387,0.948,55.26,True,41.385,0.525,78.83,True,42.899,0.563,76.2,True,41.346,0.065,636.09,True,47.442,0.591,80.27,True
COMP_v684,COMP,Composed,hard,False,2.0,2.483,0.888,2.8,True,1.223,0.492,2.49,True,1.391,0.429,3.24,True,1.281,0.493,2.6,True,1.441,0.424,3.4,True
COMP_v685,COMP,Composed,hard,False,2.0,22.037,6.361,3.46,True,9.222,0.6,15.37,True,9.591,0.601,15.96,True,10.998,0.611,18.0,True,9.83,0.618,15.91,True
COMP_v686,COMP,Composed,hard,False,2.0,25.284,9.202,2.75,True,13.084,1.649,7.93,True,14.325,1.811,7.91,True,13.759,1.941,7.09,True,13.38,1.625,8.23,True
COMP_v687,COMP,Composed,hard,False,2.0,4.636,0.026,178.31,True,2.069,0.011,188.09,True,2.092,0.009,232.44,True,2.059,0.01,205.9,True,2.026,0.014,144.71,True
COMP_v688,COMP,Composed,hard,False,2.0,707.751,6.692,105.76,True,650.751,1.565,415.82,True,663.152,1.342,494.15,True,666.569,1.533,434.81,True,621.573,1.417,438.65,True
COMP_v689,COMP,Composed,hard,False,2.0,2.163,0.049,44.14,True,0.86,0.002,430.0,True,0.882,0.003,294.0,True,0.776,0.003,258.67,True,0.861,0.003,287.0,True
COMP_v690,COMP,Composed,hard,False,2.0,2.164,0.047,46.04,True,0.832,0.003,277.33,True,0.872,0.003,290.67,True,0.769,0.003,256.33,True,0.772,0.003,257.33,True
COMP_v691,COMP,Composed,hard,False,2.0,936.854,10.938,85.65,True,449.666,2.268,198.27,True,445.41,2.212,201.36,True,443.915,2.285,194.27,True,449.642,2.264,198.61,True
COMP_v692,COMP,Composed,hard,False,2.0,19.092,5.828,3.28,True,9.489,0.612,15.5,True,10.345,0.634,16.32,True,11.583,2.743,4.22,True,8.828,0.935,9.44,True
COMP_v693,COMP,Composed,hard,False,2.0,1.415,0.176,8.04,True,4.857,0.079,61.48,True,5.375,0.081,66.36,True,5.586,0.753,7.42,True,2.703,0.0,2703.0,True
COMP_v694,COMP,Composed,hard,False,2.0,100.551,47.187,2.13,True,68.977,34.152,2.02,True,61.015,31.765,1.92,False,61.475,5.64,10.9,True,59.021,31.433,1.88,False
COMP_v695,COMP,Composed,hard,False,2.0,19.576,1.017,19.25,True,14.401,0.304,47.37,True,13.821,0.34,40.65,True,15.339,0.039,393.31,True,16.907,0.484,34.93,True
COMP_v696,COMP,Composed,hard,False,2.0,13.995,1.474,9.49,True,15.136,0.209,72.42,True,15.227,0.201,75.76,True,14.819,0.185,80.1,True,15.44,0.226,68.32,True
COMP_v697,COMP,Composed,hard,False,2.0,13.35,1.392,9.59,True,14.88,0.197,75.53,True,14.669,0.211,69.52,True,14.956,0.198,75.54,True,14.693,0.2,73.46,True
COMP_v698,COMP,Composed,hard,False,2.0,4.411,0.028,157.54,True,1.91,0.01,191.0,True,1.909,0.012,159.08,True,1.909,0.009,212.11,True,1.892,0.011,172.0,True
COMP_v699,COMP,Composed,hard,False,2.0,2.134,0.043,49.63,True,0.537,0.004,134.25,True,0.554,0.004,138.5,True,0.532,0.004,133.0,True,0.576,0.004,144.0,True
DS-1_v000,DS-1,Data Structure,hard,False,2.0,18.646,0.058,321.48,True,6.181,0.04,154.53,True,6.147,0.037,166.14,True,6.167,0.04,154.17,True,6.25,0.047,132.98,True
DS-1_v001,DS-1,Data Structure,hard,False,2.0,3.726,0.037,100.7,True,1.268,0.018,70.44,True,1.297,0.019,68.26,True,1.252,0.017,73.65,True,1.253,0.045,27.84,True
DS-1_v002,DS-1,Data Structure,hard,False,2.0,3.726,0.027,138.0,True,1.259,0.018,69.94,True,1.243,0.015,82.87,True,1.252,0.018,69.56,True,1.195,0.017,70.29,True
DS-1_v003,DS-1,Data Structure,hard,False,2.0,1.911,0.021,91.0,True,0.67,0.01,67.0,True,0.637,0.011,57.91,True,0.639,0.011,58.09,True,0.674,0.028,24.07,True
DS-1_v004,DS-1,Data Structure,hard,False,2.0,3.749,0.032,117.16,True,1.301,0.012,108.42,True,1.306,0.013,100.46,True,1.304,0.012,108.67,True,1.332,0.012,111.0,True
DS-1_v005,DS-1,Data Structure,hard,False,2.0,3.708,0.029,127.86,True,1.196,0.015,79.73,True,1.297,0.018,72.06,True,1.26,0.018,70.0,True,1.299,0.019,68.37,True
DS-1_v006,DS-1,Data Structure,hard,False,2.0,3.742,0.026,143.92,True,1.305,0.012,108.75,True,1.242,0.012,103.5,True,1.304,0.012,108.67,True,1.246,0.012,103.83,True
DS-1_v007,DS-1,Data Structure,hard,False,2.0,7.54,0.043,175.35,True,2.65,0.019,139.47,True,2.629,0.017,154.65,True,2.707,0.018,150.39,True,2.693,0.017,158.41,True
DS-1_v008,DS-1,Data Structure,hard,False,2.0,36.231,0.081,447.3,True,12.074,0.047,256.89,True,12.369,0.062,199.5,True,12.26,0.042,291.9,True,11.798,0.061,193.41,True
DS-1_v009,DS-1,Data Structure,hard,False,2.0,35.982,0.082,438.8,True,12.241,0.045,272.02,True,12.304,0.046,267.48,True,11.791,0.049,240.63,True,12.052,0.048,251.08,True
DS-1_v010,DS-1,Data Structure,hard,False,2.0,17.635,0.059,298.9,True,6.191,0.055,112.56,True,5.869,0.035,167.69,True,6.355,0.052,122.21,True,6.025,0.034,177.21,True
DS-1_v011,DS-1,Data Structure,hard,False,2.0,1.924,0.02,96.2,True,0.629,0.011,57.18,True,0.709,0.013,54.54,True,0.669,0.012,55.75,True,0.62,0.011,56.36,True
DS-1_v012,DS-1,Data Structure,hard,False,2.0,18.205,0.064,284.45,True,5.875,0.046,127.72,True,5.866,0.041,143.07,True,6.13,0.039,157.18,True,5.943,0.033,180.09,True
DS-1_v013,DS-1,Data Structure,hard,False,2.0,1.779,0.019,93.63,True,0.63,0.011,57.27,True,0.625,0.01,62.5,True,0.645,0.011,58.64,True,0.624,0.01,62.4,True
DS-1_v014,DS-1,Data Structure,hard,False,2.0,7.287,0.041,177.73,True,2.522,0.017,148.35,True,2.652,0.017,156.0,True,2.505,0.016,156.56,True,2.637,0.017,155.12,True
DS-2_v000,DS-2,Data Structure,hard,False,2.0,22.702,17.179,1.32,False,6.976,1.461,4.77,True,6.879,1.561,4.41,True,6.497,1.183,5.49,True,6.266,1.372,4.57,True
DS-2_v001,DS-2,Data Structure,hard,False,2.0,58.483,36.197,1.62,False,29.933,4.892,6.12,True,30.67,4.664,6.58,True,31.075,4.916,6.32,True,26.595,3.072,8.66,True
DS-2_v002,DS-2,Data Structure,hard,False,2.0,47.465,35.819,1.33,False,15.626,3.987,3.92,True,16.358,4.107,3.98,True,15.572,3.44,4.53,True,16.419,3.88,4.23,True
DS-2_v003,DS-2,Data Structure,hard,False,2.0,61.948,40.591,1.53,False,28.91,5.069,5.7,True,31.755,5.114,6.21,True,32.337,5.177,6.25,True,25.804,2.967,8.7,True
DS-2_v004,DS-2,Data Structure,hard,False,2.0,31.997,20.099,1.59,False,14.165,2.439,5.81,True,14.093,2.541,5.55,True,14.395,2.558,5.63,True,14.112,1.885,7.49,True
DS-2_v005,DS-2,Data Structure,hard,False,2.0,23.456,19.016,1.23,False,8.631,2.099,4.11,True,7.807,2.038,3.83,True,7.206,1.776,4.06,True,7.812,1.58,4.94,True
DS-2_v006,DS-2,Data Structure,hard,False,2.0,49.622,36.419,1.36,False,15.831,4.258,3.72,True,15.674,3.945,3.97,True,16.868,3.489,4.83,True,23.79,3.145,7.56,True
DS-2_v007,DS-2,Data Structure,hard,False,2.0,46.415,36.747,1.26,False,14.863,2.898,5.13,True,13.143,2.977,4.41,True,16.254,2.43,6.69,True,14.838,2.694,5.51,True
DS-2_v008,DS-2,Data Structure,hard,False,2.0,23.817,18.168,1.31,False,7.812,1.981,3.94,True,7.341,1.94,3.78,True,7.785,1.757,4.43,True,7.824,1.6,4.89,True
DS-2_v009,DS-2,Data Structure,hard,False,2.0,45.857,34.525,1.33,False,14.706,3.148,4.67,True,14.419,2.965,4.86,True,13.913,2.404,5.79,True,14.333,2.818,5.09,True
DS-2_v010,DS-2,Data Structure,hard,False,2.0,22.046,17.046,1.29,False,7.085,1.42,4.99,True,8.097,1.543,5.25,True,6.972,1.2,5.81,True,6.745,1.384,4.87,True
DS-2_v011,DS-2,Data Structure,hard,False,2.0,49.529,35.889,1.38,False,15.703,4.173,3.76,True,15.832,3.842,4.12,True,16.537,3.574,4.63,True,23.21,3.6,6.45,True
DS-2_v012,DS-2,Data Structure,hard,False,2.0,48.163,36.875,1.31,False,16.149,3.89,4.15,True,15.985,4.362,3.66,True,15.685,3.521,4.45,True,21.729,4.659,4.66,True
DS-2_v013,DS-2,Data Structure,hard,False,2.0,31.71,18.831,1.68,False,14.31,2.344,6.1,True,15.544,2.452,6.34,True,24.335,2.627,9.26,True,26.781,3.43,7.81,True
DS-2_v014,DS-2,Data Structure,hard,False,2.0,61.989,39.411,1.57,False,29.78,4.723,6.31,True,45.523,6.856,6.64,True,69.54,15.321,4.54,True,83.881,51.631,1.62,False
DS-3_v000,DS-3,Data Structure,medium,False,2.0,78.928,28.296,2.79,True,176.875,27.074,6.53,True,3671.532,77.823,47.18,True,100.307,28.933,3.47,True,26.297,27.169,0.97,False
DS-3_v001,DS-3,Data Structure,medium,False,2.0,151.054,54.665,2.76,True,267.242,49.521,5.4,True,1393.639,56.548,24.65,True,51.906,47.272,1.1,False,86.906,47.338,1.84,False
DS-3_v002,DS-3,Data Structure,medium,False,2.0,237.664,154.512,1.54,False,4553.187,100.59,45.26,True,85.226,54.688,1.56,False,137.94,57.252,2.41,True,55.861,52.501,1.06,False
DS-3_v003,DS-3,Data Structure,medium,False,2.0,122.666,27.803,4.41,True,296.732,26.875,11.04,True,1644.717,27.394,60.04,True,57.733,25.967,2.22,True,22.497,22.184,1.01,False
DS-3_v004,DS-3,Data Structure,medium,False,2.0,275.815,71.032,3.88,True,1669.041,53.319,31.3,True,52.296,47.632,1.1,False,47.289,46.175,1.02,False,46.351,46.727,0.99,False
DS-3_v005,DS-3,Data Structure,medium,False,2.0,381.264,4397.715,0.09,False,290.051,54.543,5.32,True,65.659,54.525,1.2,False,128.67,55.591,2.31,True,100.299,52.854,1.9,False
DS-3_v006,DS-3,Data Structure,medium,False,2.0,1594.62,64.606,24.68,True,38.005,50.84,0.75,False,49.584,48.015,1.03,False,75.621,50.482,1.5,False,47.679,46.662,1.02,False
DS-3_v007,DS-3,Data Structure,medium,False,2.0,1134.845,67.934,16.71,True,69.735,47.967,1.45,False,74.314,47.502,1.56,False,98.96,49.138,2.01,True,47.294,46.053,1.03,False
DS-3_v008,DS-3,Data Structure,medium,False,2.0,92.913,61.008,1.52,False,72.948,53.914,1.35,False,129.197,52.261,2.47,True,95.184,54.352,1.75,False,63.093,55.014,1.15,False
DS-3_v009,DS-3,Data Structure,medium,False,2.0,127.822,59.026,2.17,True,114.111,55.341,2.06,True,69.86,52.414,1.33,False,129.891,55.749,2.33,True,62.796,51.582,1.22,False
DS-3_v010,DS-3,Data Structure,medium,False,2.0,27.308,29.216,0.93,False,30.848,25.62,1.2,False,34.13,24.983,1.37,False,15.567,21.897,0.71,False,22.109,21.85,1.01,False
DS-3_v011,DS-3,Data Structure,medium,False,2.0,57.592,54.5,1.06,False,32.554,46.121,0.71,False,32.064,45.77,0.7,False,47.808,45.88,1.04,False,46.077,46.364,0.99,False
DS-3_v012,DS-3,Data Structure,medium,False,2.0,72.212,56.485,1.28,False,48.7,45.975,1.06,False,47.602,46.343,1.03,False,46.576,45.241,1.03,False,45.764,45.935,1.0,False
DS-3_v013,DS-3,Data Structure,medium,False,2.0,56.496,27.465,2.06,True,65.824,29.149,2.26,True,53.582,28.632,1.87,False,31.207,25.25,1.24,False,33.843,24.22,1.4,False
DS-3_v014,DS-3,Data Structure,medium,False,2.0,41.092,29.586,1.39,False,22.804,23.291,0.98,False,41.045,22.39,1.83,False,15.971,21.773,0.73,False,21.879,22.24,0.98,False
DS-3_v015,DS-3,Data Structure,medium,False,2.0,28.41,27.597,1.03,False,24.276,21.909,1.11,False,31.748,23.56,1.35,False,23.141,21.459,1.08,False,21.656,21.501,1.01,False
DS-3_v016,DS-3,Data Structure,medium,False,2.0,28.574,27.946,1.02,False,25.391,21.975,1.16,False,25.022,22.315,1.12,False,23.573,21.82,1.08,False,21.569,22.968,0.94,False
DS-3_v017,DS-3,Data Structure,medium,False,2.0,20.709,26.298,0.79,False,15.444,21.45,0.72,False,15.548,22.168,0.7,False,15.661,22.145,0.71,False,21.553,21.581,1.0,False
DS-3_v018,DS-3,Data Structure,medium,False,2.0,39.431,54.834,0.72,False,30.856,43.784,0.7,False,34.104,46.1,0.74,False,32.627,45.917,0.71,False,43.283,43.31,1.0,False
DS-3_v019,DS-3,Data Structure,medium,False,2.0,39.61,54.778,0.72,False,32.479,44.793,0.73,False,33.169,46.085,0.72,False,31.566,44.516,0.71,False,50.163,44.706,1.12,False
DS-4_v000,DS-4,Data Structure Inefficiency,hard,False,2.0,16.55,6.923,2.39,True,8.434,1.773,4.76,True,8.465,1.723,4.91,True,8.649,0.466,18.56,True,11.193,1.917,5.84,True
DS-4_v001,DS-4,Data Structure Inefficiency,medium,False,2.0,13.048,5.948,2.19,True,5.899,1.169,5.05,True,5.902,1.182,4.99,True,5.875,0.504,11.66,True,5.897,1.209,4.88,True
DS-4_v002,DS-4,Data Structure Inefficiency,hard,False,2.0,9.003,1.916,4.7,True,5.379,1.025,5.25,True,5.779,0.982,5.88,True,4.622,0.311,14.86,True,5.038,0.979,5.15,True
DS-4_v003,DS-4,Data Structure Inefficiency,medium,False,2.0,22.63,3.85,5.88,True,17.525,1.567,11.18,True,17.285,1.561,11.07,True,14.295,0.807,17.71,True,17.509,2.95,5.94,True
DS-4_v004,DS-4,Data Structure Inefficiency,hard,False,2.0,28.78,6.98,4.12,True,11.196,1.872,5.98,True,10.631,1.7,6.25,True,10.899,0.467,23.34,True,10.763,1.772,6.07,True
DS-4_v005,DS-4,Data Structure Inefficiency,hard,False,2.0,38.811,8.956,4.33,True,17.631,2.365,7.45,True,17.101,2.295,7.45,True,16.908,0.627,26.97,True,17.07,2.316,7.37,True
DS-4_v006,DS-4,Data Structure Inefficiency,medium,False,2.0,10.092,10.684,0.94,False,6.802,2.376,2.86,True,6.865,3.224,2.13,True,7.589,0.951,7.98,True,6.726,2.355,2.86,True
DS-4_v007,DS-4,Data Structure Inefficiency,hard,False,2.0,14.133,4.536,3.12,True,12.248,1.139,10.75,True,12.599,1.149,10.97,True,12.224,0.311,39.31,True,12.349,1.166,10.59,True
DS-4_v008,DS-4,Data Structure Inefficiency,medium,False,2.0,26.686,11.089,2.41,True,12.378,2.415,5.13,True,12.185,2.351,5.18,True,11.978,0.972,12.32,True,11.899,2.274,5.23,True
DS-4_v009,DS-4,Data Structure Inefficiency,medium,False,2.0,9.414,2.636,3.57,True,8.074,1.045,7.73,True,7.96,1.004,7.93,True,5.905,0.486,12.15,True,7.871,1.982,3.97,True
DS-4_v010,DS-4,Data Structure Inefficiency,hard,False,2.0,19.743,6.828,2.89,True,6.611,1.709,3.87,True,6.75,1.79,3.77,True,6.614,0.452,14.63,True,6.546,1.684,3.89,True
DS-4_v011,DS-4,Data Structure Inefficiency,hard,False,2.0,10.938,4.688,2.33,True,5.495,1.119,4.91,True,5.547,1.148,4.83,True,5.527,0.305,18.12,True,5.484,1.131,4.85,True
DS-4_v012,DS-4,Data Structure Inefficiency,hard,False,2.0,12.435,2.785,4.46,True,10.298,1.489,6.92,True,10.253,1.484,6.91,True,7.515,0.464,16.2,True,10.2,1.859,5.49,True
DS-4_v013,DS-4,Data Structure Inefficiency,medium,False,2.0,17.024,5.19,3.28,True,12.315,1.17,10.53,True,12.336,1.164,10.6,True,12.414,0.502,24.73,True,12.362,1.166,10.6,True
DS-4_v014,DS-4,Data Structure Inefficiency,hard,False,2.0,12.505,1.804,6.93,True,10.506,0.979,10.73,True,11.159,0.976,11.43,True,8.5,0.33,25.76,True,11.003,0.981,11.22,True
DS-4_v015,DS-4,Data Structure Inefficiency,medium,False,2.0,12.386,5.202,2.38,True,5.902,1.226,4.81,True,5.807,1.169,4.97,True,5.874,0.469,12.52,True,5.814,1.182,4.92,True
DS-4_v016,DS-4,Data Structure Inefficiency,medium,False,2.0,8.843,4.952,1.79,False,8.37,2.196,3.81,True,8.108,2.061,3.93,True,7.267,0.943,7.71,True,8.113,2.102,3.86,True
DS-4_v017,DS-4,Data Structure Inefficiency,hard,False,2.0,14.089,4.518,3.12,True,12.31,1.185,10.39,True,12.234,1.126,10.87,True,12.245,0.321,38.15,True,12.234,1.159,10.56,True
DS-4_v018,DS-4,Data Structure Inefficiency,hard,False,2.0,23.199,8.76,2.65,True,12.13,2.275,5.33,True,11.239,2.297,4.89,True,11.529,0.856,13.47,True,11.304,2.274,4.97,True
DS-4_v019,DS-4,Data Structure Inefficiency,hard,False,2.0,28.486,8.934,3.19,True,24.765,2.301,10.76,True,24.444,2.297,10.64,True,24.492,0.65,37.68,True,24.663,2.323,10.62,True
HO-AL-1_v000,HO-AL-1,Algorithmic Inefficiency,hard,False,2.0,4.664,0.003,1554.67,True,5.307,0.001,5307.0,True,4.026,0.003,1342.0,True,4.29,0.006,715.0,True,4.171,0.001,4171.0,True
HO-AL-2_v000,HO-AL-2,Algorithmic Inefficiency,hard,False,2.0,50.115,4.461,11.23,True,44.436,1.051,42.28,True,44.162,1.278,34.56,True,45.822,1.036,44.23,True,46.981,1.053,44.62,True
HO-AL-3_v000,HO-AL-3,Algorithmic Inefficiency,hard,False,2.0,10.255,11.286,0.91,False,4.577,1.326,3.45,True,4.827,1.351,3.57,True,4.776,1.357,3.52,True,4.664,1.306,3.57,True
HO-AL-4_v000,HO-AL-4,Algorithmic Inefficiency,hard,False,0.5,17.538,50.399,0.35,False,11.529,11.173,1.03,True,11.127,11.575,0.96,True,4.26,7.62,0.56,True,10.947,11.402,0.96,True
HO-CF-1_v000,HO-CF-1,Control Flow,hard,False,2.0,50.153,6.108,8.21,True,32.139,3.181,10.1,True,32.098,3.228,9.94,True,32.812,1.827,17.96,True,32.046,3.22,9.95,True
HO-CF-2_v000,HO-CF-2,Control Flow,hard,False,1.05,,,,,6.232,5.872,1.06,True,6.08,5.685,1.07,True,6.09,5.679,1.07,True,-5695495175096.67,5.581,-1020515172029.51,False
HO-CF-3_v000,HO-CF-3,Control Flow,hard,False,0.95,6.827,8.892,0.77,False,3.365,3.496,0.96,True,3.241,3.313,0.98,True,3.408,3.576,0.95,False,3.296,3.432,0.96,True
HO-CF-4_v000,HO-CF-4,Control Flow,hard,False,1.3,3.788,1.187,3.19,True,1.176,0.34,3.46,True,1.111,0.34,3.27,True,1.105,0.33,3.35,True,1.138,0.333,3.42,True
HO-CF-5_v000,HO-CF-5,Control Flow,hard,False,2.0,8.177,3.517,2.32,True,3.624,1.937,1.87,False,3.738,1.961,1.91,False,3.544,1.991,1.78,False,3.849,1.968,1.96,False
HO-DS-1_v000,HO-DS-1,Data Structure Inefficiency,hard,False,2.0,9.76,2.053,4.75,True,9.145,0.781,11.71,True,8.929,0.748,11.94,True,8.916,0.389,22.92,True,9.046,0.783,11.55,True
HO-DS-2_v000,HO-DS-2,Data Structure Inefficiency,hard,False,2.0,129.157,10.486,12.32,True,25.463,6.068,4.2,True,25.246,6.014,4.2,True,25.187,5.994,4.2,True,25.595,7.211,3.55,True
HO-DS-3_v000,HO-DS-3,Data Structure Inefficiency,hard,False,2.0,1.893,0.601,3.15,True,1.63,0.056,29.11,True,1.707,0.06,28.45,True,1.501,0.062,24.21,True,1.597,0.066,24.2,True
HO-DS-4_v000,HO-DS-4,Data Structure Inefficiency,hard,False,2.0,102.598,74.562,1.38,False,93.627,21.64,4.33,True,98.158,20.754,4.73,True,106.661,20.399,5.23,True,92.721,21.139,4.39,True
HO-DS-5_v000,HO-DS-5,Data Structure Inefficiency,hard,False,2.0,95.959,121.613,0.79,False,17.043,7.52,2.27,True,21.93,8.407,2.61,True,6.566,8.234,0.8,False,16.143,7.042,2.29,True
HO-DS-6_v000,HO-DS-6,Data Structure Inefficiency,hard,False,0.5,135.694,260.255,0.52,True,48.254,56.274,0.86,True,49.297,58.569,0.84,True,16.954,58.452,0.29,False,48.564,58.677,0.83,True
HO-HR-1_v000,HO-HR-1,Human-Style Antipatterns,medium,False,2.0,14.791,11.525,1.28,False,7.965,2.509,3.17,True,8.209,2.768,2.97,True,8.054,2.525,3.19,True,8.577,2.5,3.43,True
HO-HR-2_v000,HO-HR-2,Human-Style Antipatterns,hard,False,0.95,28.592,28.166,1.02,True,7.314,7.188,1.02,True,7.412,7.117,1.04,True,7.362,7.217,1.02,True,7.884,7.437,1.06,True
HO-HR-3_v000,HO-HR-3,Human-Style Antipatterns,hard,False,0.95,8.277,7.435,1.11,True,0.949,0.525,1.81,True,0.974,0.515,1.89,True,1.249,0.543,2.3,True,0.885,0.48,1.84,True
HO-HR-4_v000,HO-HR-4,Human-Style Antipatterns,hard,False,2.0,22.807,5.811,3.92,True,17.015,0.134,126.98,True,16.859,0.15,112.39,True,16.884,0.131,128.89,True,16.407,0.13,126.21,True
HO-HR-5_v000,HO-HR-5,Human-Style Antipatterns,hard,False,2.0,20.487,11.382,1.8,False,4.956,0.807,6.14,True,4.982,0.809,6.16,True,4.92,0.815,6.04,True,5.275,0.874,6.04,True
HO-IS-1_v000,HO-IS-1,Input-Sensitive Inefficiency,hard,False,2.0,27.641,3.69,7.49,True,19.11,0.414,46.16,True,18.651,0.293,63.66,True,19.854,0.313,63.43,True,20.463,0.548,37.34,True
HO-IS-2_v000,HO-IS-2,Input-Sensitive Inefficiency,hard,False,2.0,138.445,70.266,1.97,False,95.885,44.069,2.18,True,94.818,45.131,2.1,True,95.158,43.947,2.17,True,94.172,43.807,2.15,True
HO-IS-3_v000,HO-IS-3,Input-Sensitive Inefficiency,hard,False,2.0,26.083,7.548,3.46,True,15.391,2.49,6.18,True,14.622,2.389,6.12,True,16.601,2.665,6.23,True,16.913,2.744,6.16,True
HO-IS-4_v000,HO-IS-4,Input-Sensitive Inefficiency,hard,False,1.5,30.908,19.511,1.58,True,14.817,10.141,1.46,False,14.945,9.55,1.56,True,14.981,9.542,1.57,True,15.214,9.643,1.58,True
HO-IS-5_v000,HO-IS-5,Input-Sensitive Inefficiency,hard,False,1.0,104.117,74.52,1.4,True,45.794,40.646,1.13,True,44.78,40.526,1.1,True,44.187,38.776,1.14,True,41.75,41.294,1.01,True
HO-MI-1_v000,HO-MI-1,Memory & IO,hard,False,2.0,58.322,2.962,19.69,True,58.148,2.912,19.97,True,59.259,3.11,19.05,True,57.985,2.932,19.78,True,58.296,3.072,18.98,True
HO-MI-2_v000,HO-MI-2,Memory & IO,hard,False,1.0,136.966,32.037,4.28,True,38.921,16.825,2.31,True,37.553,17.699,2.12,True,34.348,14.708,2.34,True,36.825,17.025,2.16,True
HO-MI-3_v000,HO-MI-3,Memory & IO,hard,False,2.0,101.488,89.488,1.13,False,30.5,12.259,2.49,True,31.676,12.895,2.46,True,35.809,14.128,2.53,True,32.405,12.847,2.52,True
HO-MI-4_v000,HO-MI-4,Memory & IO,hard,False,1.0,66.324,83.618,0.79,False,39.208,40.459,0.97,False,38.293,37.578,1.02,True,38.371,38.898,0.99,False,37.833,37.895,1.0,False
HO-SR-1_v000,HO-SR-1,Semantic Redundancy,hard,False,2.0,49.347,6.895,7.16,True,15.769,0.866,18.21,True,15.045,0.822,18.3,True,15.63,0.861,18.15,True,0.721,0.736,0.98,False
HO-SR-2_v000,HO-SR-2,Semantic Redundancy,hard,False,2.0,32.445,7.423,4.37,True,10.967,4.189,2.62,True,10.857,4.253,2.55,True,10.888,4.272,2.55,True,11.423,4.435,2.58,True
HO-SR-3_v000,HO-SR-3,Semantic Redundancy,hard,False,2.0,2.343,0.855,2.74,True,1.934,0.224,8.63,True,1.94,0.226,8.58,True,1.881,0.227,8.29,True,1.958,0.222,8.82,True
HO-SR-4_v000,HO-SR-4,Semantic Redundancy,hard,False,0.5,104.407,106.365,0.98,True,12.983,65.964,0.2,False,12.49,64.925,0.19,False,14.959,72.222,0.21,False,11.092,57.601,0.19,False
HO-SR-5_v000,HO-SR-5,Semantic Redundancy,hard,False,0.5,74.732,80.899,0.92,True,1.469,18.002,0.08,False,1.097,19.984,0.05,False,1.168,18.798,0.06,False,0.948,18.05,0.05,False
HO-SR-6_v000,HO-SR-6,Semantic Redundancy,hard,False,0.5,50.55,74.329,0.68,True,4.172,36.435,0.11,False,4.151,36.892,0.11,False,3.967,35.619,0.11,False,4.069,35.522,0.11,False
HO-SR-7_v000,HO-SR-7,Semantic Redundancy,hard,False,0.9,129.351,129.626,1.0,True,77.983,75.417,1.03,True,74.49,74.992,0.99,True,74.248,73.999,1.0,True,76.195,74.402,1.02,True
HR-2_v000,HR-2,Human-Style Antipatterns,medium,False,1.5,43.8473,47.2357,0.93,False,21.905,11.6527,1.88,True,22.1953,11.9063,1.86,True,4.585,3.3873,1.35,False,8.4683,4.5957,1.84,True
HR-2_v001,HR-2,Human-Style Antipatterns,medium,False,1.5,8.667,9.1213,0.95,False,4.244,2.306,1.84,True,4.8987,2.4567,1.99,True,0.4203,0.3103,1.35,False,1.5263,0.8857,1.72,True
HR-2_v002,HR-2,Human-Style Antipatterns,medium,False,1.5,8.4513,8.7707,0.96,False,4.243,2.2983,1.85,True,4.2117,2.3027,1.83,True,0.4047,0.313,1.29,False,1.5253,0.8773,1.74,True
HR-2_v003,HR-2,Human-Style Antipatterns,medium,False,1.5,42.067,48.7593,0.86,False,21.8193,11.7253,1.86,True,22.0063,11.8533,1.86,True,4.497,3.1023,1.45,False,8.515,4.7177,1.8,True
HR-2_v004,HR-2,Human-Style Antipatterns,medium,False,1.5,42.369,48.3253,0.88,False,22.1703,11.875,1.87,True,21.8923,11.566,1.89,True,4.6717,3.2,1.46,False,8.616,4.6923,1.84,True
HR-2_v005,HR-2,Human-Style Antipatterns,medium,False,1.5,8.4073,9.5357,0.88,False,4.4677,2.3843,1.87,True,4.3413,2.323,1.87,True,0.816,0.6023,1.35,False,1.719,1.0323,1.67,True
HR-2_v006,HR-2,Human-Style Antipatterns,medium,False,1.5,8.6707,9.0237,0.96,False,4.201,2.2997,1.83,True,4.201,2.3057,1.82,True,0.408,0.3107,1.31,False,1.7427,0.959,1.82,True
HR-2_v007,HR-2,Human-Style Antipatterns,medium,False,1.5,8.4097,8.745,0.96,False,4.213,2.2963,1.83,True,4.2137,2.2917,1.84,True,0.41,0.307,1.34,False,1.4853,0.8663,1.71,True
HR-2_v008,HR-2,Human-Style Antipatterns,medium,False,1.5,8.1847,9.451,0.87,False,4.532,2.4177,1.87,True,4.2017,2.2037,1.91,True,0.8593,0.6033,1.42,False,1.9777,0.9393,2.11,True
HR-2_v009,HR-2,Human-Style Antipatterns,medium,False,1.5,8.4187,8.7343,0.96,False,4.209,2.3057,1.83,True,4.2863,2.2953,1.87,True,0.401,0.2987,1.34,False,1.484,0.861,1.72,True
HR-2_v010,HR-2,Human-Style Antipatterns,medium,False,1.5,8.291,8.5157,0.97,False,4.104,2.2177,1.85,True,4.2087,2.299,1.83,True,0.4053,0.3093,1.31,False,1.479,0.8607,1.72,True
HR-2_v011,HR-2,Human-Style Antipatterns,medium,False,1.5,20.958,23.293,0.9,False,10.9837,5.7893,1.9,True,10.816,5.7767,1.87,True,2.2483,1.5497,1.45,False,4.159,2.4253,1.71,True
HR-2_v012,HR-2,Human-Style Antipatterns,medium,False,1.5,21.3083,23.233,0.92,False,10.86,5.785,1.88,True,10.8833,5.7877,1.88,True,2.2637,1.773,1.28,False,4.2917,2.341,1.83,True
HR-2_v013,HR-2,Human-Style Antipatterns,medium,False,1.5,43.202,46.9143,0.92,False,21.7713,11.6367,1.87,True,21.708,11.251,1.93,True,4.5327,3.1197,1.45,False,8.6467,4.7103,1.84,True
HR-2_v014,HR-2,Human-Style Antipatterns,medium,False,1.5,8.4023,8.8393,0.95,False,4.212,2.298,1.83,True,4.3357,2.3677,1.83,True,0.413,0.3097,1.33,False,1.462,0.826,1.77,True
HR-3_v000,HR-3,Human-Style Antipatterns,hard,False,1.5,12.353,5.5267,2.24,True,4.9127,0.654,7.51,True,4.8573,0.6707,7.24,True,4.72,0.638,7.4,True,3.921,0.6273,6.25,True
HR-3_v001,HR-3,Human-Style Antipatterns,hard,False,1.5,9.934,4.3897,2.26,True,5.5647,0.7633,7.29,True,5.425,0.6353,8.54,True,4.081,0.6857,5.95,True,4.924,0.6687,7.36,True
HR-3_v002,HR-3,Human-Style Antipatterns,hard,False,1.5,12.7457,7.3723,1.73,True,7.6287,1.2647,6.03,True,7.583,1.292,5.87,True,7.6283,1.3237,5.76,True,7.241,1.2857,5.63,True
HR-3_v003,HR-3,Human-Style Antipatterns,hard,False,1.5,4.7333,2.9457,1.61,True,3.0943,0.523,5.92,True,3.1127,0.5153,6.04,True,1.4293,0.5357,2.67,True,2.9697,0.5397,5.5,True
HR-3_v004,HR-3,Human-Style Antipatterns,hard,False,1.5,4.0753,1.7693,2.3,True,2.189,0.2707,8.09,True,2.249,0.26,8.65,True,1.601,0.2583,6.2,True,1.9723,0.2667,7.4,True
HR-3_v005,HR-3,Human-Style Antipatterns,hard,False,1.5,12.2283,7.2303,1.69,True,7.6867,1.3937,5.52,True,7.7183,1.389,5.56,True,7.7497,1.2927,6.0,True,7.2647,1.473,4.93,True
HR-3_v006,HR-3,Human-Style Antipatterns,hard,False,1.5,5.0553,2.1937,2.3,True,1.9247,0.2573,7.48,True,1.9387,0.26,7.46,True,1.6037,0.2717,5.9,True,1.6113,0.262,6.15,True
HR-3_v007,HR-3,Human-Style Antipatterns,hard,False,1.5,12.1503,7.3557,1.65,True,7.464,1.2947,5.77,True,7.4937,1.267,5.91,True,3.902,1.2917,3.02,True,7.4817,1.351,5.54,True
HR-3_v008,HR-3,Human-Style Antipatterns,hard,False,1.5,11.5183,5.3287,2.16,True,4.836,0.6523,7.41,True,4.867,0.6587,7.39,True,4.8013,0.6497,7.39,True,4.0173,0.6497,6.18,True
HR-3_v009,HR-3,Human-Style Antipatterns,hard,False,1.5,4.9067,3.232,1.52,True,3.0643,0.517,5.93,True,3.0833,0.518,5.95,True,3.041,0.553,5.5,True,3.009,0.529,5.69,True
HR-3_v010,HR-3,Human-Style Antipatterns,hard,False,1.5,22.93,10.576,2.17,True,9.5757,1.303,7.35,True,9.42,1.3813,6.82,True,9.7333,1.3,7.49,True,7.7443,1.2853,6.03,True
HR-3_v011,HR-3,Human-Style Antipatterns,hard,False,1.5,20.276,8.7197,2.33,True,10.663,1.3067,8.16,True,11.189,1.3303,8.41,True,7.971,1.3843,5.76,True,9.8503,1.298,7.59,True
HR-3_v012,HR-3,Human-Style Antipatterns,hard,False,1.5,10.021,4.3873,2.28,True,5.592,0.7343,7.62,True,5.5877,0.728,7.68,True,4.853,0.654,7.42,True,5.1373,0.6953,7.39,True
HR-3_v013,HR-3,Human-Style Antipatterns,hard,False,1.5,23.8743,14.5753,1.64,True,15.373,2.6103,5.89,True,15.384,2.6613,5.78,True,9.2497,2.7653,3.34,True,15.3657,2.9783,5.16,True
HR-3_v014,HR-3,Human-Style Antipatterns,hard,False,1.5,11.3283,5.6387,2.01,True,4.888,0.7167,6.82,True,4.8247,0.6867,7.03,True,5.163,0.6883,7.5,True,3.9193,0.646,6.07,True
HR-4_v000,HR-4,Human-Style Antipatterns,medium,False,2.0,9.609,1.2612,7.62,True,5.2279,1.0178,5.14,True,5.0825,0.9895,5.14,True,5.3964,0.0866,62.31,True,4.9882,0.1037,48.1,True
HR-4_v001,HR-4,Human-Style Antipatterns,medium,False,2.0,33.0075,7.4167,4.45,True,20.0838,2.649,7.58,True,20.298,2.7211,7.46,True,20.7978,0.6195,33.57,True,20.9489,0.2715,77.16,True
HR-4_v002,HR-4,Human-Style Antipatterns,medium,False,2.0,12.927,3.2941,3.92,True,8.4913,1.0878,7.81,True,7.9259,1.0574,7.5,True,8.7365,0.1771,49.33,True,8.758,0.1088,80.5,True
HR-4_v003,HR-4,Human-Style Antipatterns,medium,False,2.0,24.5885,3.6612,6.72,True,13.8246,2.658,5.2,True,14.3513,2.7889,5.15,True,15.1053,0.9056,16.68,True,13.8386,0.2857,48.44,True
HR-4_v004,HR-4,Human-Style Antipatterns,medium,False,2.0,47.8398,7.1046,6.73,True,27.1973,5.7234,4.75,True,27.0373,5.9131,4.57,True,,,,,26.4679,0.5645,46.89,True
HR-4_v005,HR-4,Human-Style Antipatterns,medium,False,2.0,67.8387,15.2724,4.44,True,45.0998,5.7235,7.88,True,42.416,5.841,7.26,True,,,,,42.4115,0.5651,75.05,True
HR-4_v006,HR-4,Human-Style Antipatterns,medium,False,2.0,9.9571,1.3628,7.31,True,5.6668,1.114,5.09,True,5.5579,1.1213,4.96,True,5.7564,0.195,29.52,True,5.4184,0.1128,48.04,True
HR-4_v007,HR-4,Human-Style Antipatterns,medium,False,2.0,33.427,9.0745,3.68,True,21.5661,2.8759,7.5,True,22.081,3.0281,7.29,True,21.6266,0.9035,23.94,True,20.1395,0.2774,72.6,True
HR-4_v008,HR-4,Human-Style Antipatterns,medium,False,2.0,68.6711,18.8393,3.65,True,42.2093,5.6995,7.41,True,41.5581,5.9882,6.94,True,41.2026,1.7387,23.7,True,44.0145,0.6549,67.21,True
HR-4_v009,HR-4,Human-Style Antipatterns,medium,False,2.0,72.4687,15.2631,4.75,True,45.0323,5.5281,8.15,True,41.7687,5.451,7.66,True,,,,,41.6216,0.5438,76.54,True
HR-4_v010,HR-4,Human-Style Antipatterns,medium,False,2.0,51.1209,8.133,6.29,True,28.9493,5.6217,5.15,True,27.9059,5.5755,5.01,True,,,,,26.7093,0.5407,49.4,True
HR-4_v011,HR-4,Human-Style Antipatterns,medium,False,2.0,10.2236,1.3868,7.37,True,5.4328,1.0635,5.11,True,5.5741,1.0982,5.08,True,5.8863,0.0928,63.43,True,5.1797,0.1065,48.64,True
HR-4_v012,HR-4,Human-Style Antipatterns,medium,False,2.0,13.2485,3.6505,3.63,True,8.4386,1.2029,7.02,True,9.4038,1.2884,7.3,True,8.5813,0.3665,23.41,True,8.6667,0.1155,75.04,True
HR-4_v013,HR-4,Human-Style Antipatterns,medium,False,2.0,34.8769,9.1589,3.81,True,23.1886,3.2501,7.13,True,21.031,2.9167,7.21,True,20.9072,0.8383,24.94,True,21.996,0.3256,67.56,True
HR-4_v014,HR-4,Human-Style Antipatterns,medium,False,2.0,73.1043,18.9447,3.86,True,42.8847,6.1192,7.01,True,42.0143,5.8348,7.2,True,41.1972,1.7708,23.26,True,40.4353,0.6072,66.59,True
HR-4_v015,HR-4,Human-Style Antipatterns,medium,False,2.0,55.7282,7.9482,7.01,True,29.003,6.0356,4.81,True,29.244,5.7407,5.09,True,28.4726,1.7785,16.01,True,26.2319,0.5958,44.03,True
HR-4_v016,HR-4,Human-Style Antipatterns,medium,False,2.0,34.5333,9.2678,3.73,True,21.5541,3.027,7.12,True,22.5478,2.8935,7.79,True,20.9016,0.8158,25.62,True,20.6717,0.2773,74.55,True
HR-4_v017,HR-4,Human-Style Antipatterns,medium,False,2.0,50.1001,7.1348,7.02,True,28.2277,5.3773,5.25,True,27.4776,5.405,5.08,True,26.6632,1.0389,25.66,True,25.6905,0.5237,49.06,True
HR-4_v018,HR-4,Human-Style Antipatterns,medium,False,2.0,14.011,3.707,3.78,True,8.1965,1.1327,7.24,True,8.4405,1.1124,7.59,True,8.0796,0.3107,26.0,True,8.7294,0.111,78.64,True
HR-4_v019,HR-4,Human-Style Antipatterns,medium,False,2.0,53.7728,6.9838,7.7,True,28.0273,5.3663,5.22,True,28.1475,5.4409,5.17,True,27.8616,1.0752,25.91,True,25.3344,0.5158,49.12,True
IS-1_v000,IS-1,Input-Sensitive Inefficiency,medium,False,2.0,12.603,7.305,1.73,False,4.633,3.316,1.4,False,4.652,3.242,1.43,False,0.593,3.375,0.18,False,4.535,3.277,1.38,False
IS-1_v001,IS-1,Input-Sensitive Inefficiency,hard,False,2.0,42.685,0.392,108.89,True,18.891,0.172,109.83,True,18.798,0.188,99.99,True,18.907,0.2,94.54,True,16.008,0.202,79.25,True
IS-1_v002,IS-1,Input-Sensitive Inefficiency,medium,False,2.0,13.072,0.184,71.04,True,2.259,0.09,25.1,True,2.401,0.083,28.93,True,2.397,0.093,25.77,True,2.303,0.083,27.75,True
IS-1_v003,IS-1,Input-Sensitive Inefficiency,hard,False,2.0,41.952,0.46,91.2,True,18.39,0.217,84.75,True,18.942,0.208,91.07,True,18.175,0.213,85.33,True,15.548,0.218,71.32,True
IS-1_v004,IS-1,Input-Sensitive Inefficiency,hard,False,2.0,44.388,1.897,23.4,True,19.072,0.934,20.42,True,18.107,0.999,18.13,True,17.547,0.897,19.56,True,15.405,1.073,14.36,True
IS-1_v005,IS-1,Input-Sensitive Inefficiency,hard,False,2.0,45.469,4.759,9.55,True,18.289,2.459,7.44,True,18.329,2.488,7.37,True,18.861,2.529,7.46,True,15.364,2.682,5.73,True
IS-1_v006,IS-1,Input-Sensitive Inefficiency,medium,False,2.0,10.486,6.866,1.53,False,4.396,3.092,1.42,False,4.616,3.202,1.44,False,1.083,3.38,0.32,False,4.392,3.24,1.36,False
IS-1_v007,IS-1,Input-Sensitive Inefficiency,medium,False,2.0,10.137,6.574,1.54,False,4.534,3.226,1.41,False,4.491,3.153,1.42,False,0.564,3.146,0.18,False,4.374,3.18,1.38,False
IS-1_v008,IS-1,Input-Sensitive Inefficiency,medium,False,2.0,13.175,0.87,15.14,True,2.498,0.421,5.93,True,2.341,0.452,5.18,True,2.412,0.425,5.68,True,2.407,0.444,5.42,True
IS-1_v009,IS-1,Input-Sensitive Inefficiency,medium,False,2.0,10.084,6.511,1.55,False,4.502,3.213,1.4,False,4.482,3.147,1.42,False,0.533,3.199,0.17,False,4.466,3.247,1.38,False
IS-1_v010,IS-1,Input-Sensitive Inefficiency,medium,False,2.0,13.092,0.835,15.68,True,2.718,0.423,6.43,True,2.411,0.431,5.59,True,2.36,0.44,5.36,True,2.401,0.433,5.55,True
IS-1_v011,IS-1,Input-Sensitive Inefficiency,medium,False,2.0,13.153,0.878,14.98,True,2.45,0.461,5.31,True,2.242,0.423,5.3,True,2.225,0.429,5.19,True,2.277,0.453,5.03,True
IS-1_v012,IS-1,Input-Sensitive Inefficiency,hard,False,2.0,41.905,4.993,8.39,True,18.028,2.419,7.45,True,18.255,2.419,7.55,True,17.938,2.369,7.57,True,15.543,2.708,5.74,True
IS-1_v013,IS-1,Input-Sensitive Inefficiency,medium,False,2.0,10.47,6.842,1.53,False,4.753,3.218,1.48,False,4.609,3.148,1.46,False,1.052,3.198,0.33,False,4.588,3.396,1.35,False
IS-1_v014,IS-1,Input-Sensitive Inefficiency,medium,False,2.0,15.057,0.191,78.83,True,4.589,0.099,46.35,True,4.825,0.108,44.68,True,4.52,0.099,45.66,True,4.541,0.098,46.34,True
IS-1_v015,IS-1,Input-Sensitive Inefficiency,hard,False,2.0,39.617,4.336,9.14,True,18.916,2.537,7.46,True,17.861,2.378,7.51,True,18.327,2.463,7.44,True,15.488,2.644,5.86,True
IS-1_v016,IS-1,Input-Sensitive Inefficiency,hard,False,2.0,40.898,0.455,89.89,True,18.385,0.213,86.31,True,18.103,0.207,87.45,True,18.559,0.215,86.32,True,15.251,0.21,72.62,True
IS-1_v017,IS-1,Input-Sensitive Inefficiency,medium,False,2.0,9.974,6.51,1.53,False,4.445,3.305,1.34,False,4.478,3.151,1.42,False,0.559,3.061,0.18,False,4.503,3.275,1.37,False
IS-1_v018,IS-1,Input-Sensitive Inefficiency,medium,False,2.0,16.783,0.197,85.19,True,4.467,0.109,40.98,True,4.945,0.117,42.26,True,4.632,0.108,42.89,True,4.577,0.103,44.44,True
IS-1_v019,IS-1,Input-Sensitive Inefficiency,medium,False,2.0,13.107,0.817,16.04,True,2.404,0.449,5.35,True,2.303,0.437,5.27,True,2.371,0.425,5.58,True,2.582,0.439,5.88,True
IS-2_v000,IS-2,Input-Sensitive Inefficiency,medium,False,1.1,22.511,18.477,1.22,True,13.08,10.759,1.22,True,13.109,10.749,1.22,True,13.257,10.351,1.28,True,13.679,11.002,1.24,True
IS-2_v001,IS-2,Input-Sensitive Inefficiency,medium,False,1.1,19.856,10.555,1.88,True,8.464,4.841,1.75,True,8.903,4.888,1.82,True,8.922,5.032,1.77,True,8.207,4.637,1.77,True
IS-2_v002,IS-2,Input-Sensitive Inefficiency,medium,False,1.1,20.133,8.591,2.34,True,13.481,3.313,4.07,True,13.043,3.218,4.05,True,12.617,3.101,4.07,True,11.907,3.067,3.88,True
IS-2_v003,IS-2,Input-Sensitive Inefficiency,medium,False,1.1,8.04,3.945,2.04,True,5.223,1.541,3.39,True,5.191,1.613,3.22,True,5.175,1.524,3.4,True,5.065,1.54,3.29,True
IS-2_v004,IS-2,Input-Sensitive Inefficiency,medium,False,1.1,33.18,14.659,2.26,True,13.226,5.224,2.53,True,12.834,5.066,2.53,True,13.905,5.376,2.59,True,12.452,5.182,2.4,True
IS-2_v005,IS-2,Input-Sensitive Inefficiency,medium,False,1.1,111.196,91.489,1.22,True,65.444,51.764,1.26,True,67.131,50.944,1.32,True,63.677,50.993,1.25,True,62.537,51.206,1.22,True
IS-2_v006,IS-2,Input-Sensitive Inefficiency,medium,False,1.1,20.061,15.524,1.29,True,10.949,8.451,1.3,True,10.687,8.156,1.31,True,10.714,8.292,1.29,True,10.683,8.827,1.21,True
IS-2_v007,IS-2,Input-Sensitive Inefficiency,medium,False,1.1,9.226,4.974,1.85,True,5.75,1.747,3.29,True,5.918,2.014,2.94,True,5.58,1.788,3.12,True,4.687,1.731,2.71,True
IS-2_v008,IS-2,Input-Sensitive Inefficiency,medium,False,1.1,46.261,38.58,1.2,True,25.775,20.101,1.28,True,27.144,20.493,1.32,True,26.856,20.327,1.32,True,26.299,22.024,1.19,True
IS-2_v009,IS-2,Input-Sensitive Inefficiency,medium,False,1.1,37.56,17.658,2.13,True,27.237,7.26,3.75,True,26.774,7.152,3.74,True,25.492,7.563,3.37,True,26.235,7.133,3.68,True
IS-2_v010,IS-2,Input-Sensitive Inefficiency,medium,False,1.1,117.81,100.329,1.17,True,66.255,56.51,1.17,True,64.249,52.202,1.23,True,65.817,53.584,1.23,True,63.723,57.89,1.1,False
IS-2_v011,IS-2,Input-Sensitive Inefficiency,medium,False,1.1,116.889,97.323,1.2,True,65.642,55.075,1.19,True,63.91,53.515,1.19,True,66.218,53.27,1.24,True,66.027,56.898,1.16,True
IS-2_v012,IS-2,Input-Sensitive Inefficiency,medium,False,1.1,33.956,17.133,1.98,True,15.186,6.793,2.24,True,15.343,6.932,2.21,True,15.789,6.939,2.28,True,15.179,7.146,2.12,True
IS-2_v013,IS-2,Input-Sensitive Inefficiency,medium,False,1.1,54.46,44.913,1.21,True,31.242,24.571,1.27,True,32.561,24.936,1.31,True,32.261,24.109,1.34,True,32.108,26.448,1.21,True
IS-2_v014,IS-2,Input-Sensitive Inefficiency,medium,False,1.1,22.328,11.068,2.02,True,13.962,4.477,3.12,True,14.071,4.462,3.15,True,13.446,4.365,3.08,True,11.537,4.182,2.76,True
IS-3_v000,IS-3,Input-Sensitive Inefficiency,hard,False,2.0,6.1112,0.0001,6111.15,True,1.0371,0.0,1037.05,True,1.0243,0.0001,1024.3,True,1.0434,0.0,1043.4,True,1.0425,0.0001,1042.45,True
IS-3_v001,IS-3,Input-Sensitive Inefficiency,hard,False,2.0,5.9621,0.0001,5962.1,True,1.0384,0.0001,1038.45,True,1.0387,0.0001,1038.7,True,1.018,0.0001,1018.0,True,1.0143,0.0001,1014.35,True
IS-3_v002,IS-3,Input-Sensitive Inefficiency,hard,False,2.0,2.9137,0.0,2913.7,True,0.4956,0.0,495.6,True,0.4851,0.0001,485.1,True,0.4723,0.0,472.35,True,0.4915,0.0001,491.5,True
IS-3_v003,IS-3,Input-Sensitive Inefficiency,hard,False,2.0,3.0239,0.0,3023.9,True,0.2268,0.0,226.8,True,0.2203,0.0,220.3,True,0.2394,0.0001,239.4,True,0.2491,0.0,249.1,True
IS-3_v004,IS-3,Input-Sensitive Inefficiency,hard,False,2.0,1.1169,0.0003,1116.95,True,0.1639,0.0002,163.95,True,0.1658,0.0002,165.85,True,0.1865,0.0002,186.55,True,0.1671,0.0002,167.05,True
IS-3_v005,IS-3,Input-Sensitive Inefficiency,hard,False,2.0,2.8937,0.0,2893.65,True,0.4905,0.0001,490.5,True,0.5615,0.0001,561.45,True,0.509,0.0,508.95,True,0.4818,0.0,481.8,True
IS-3_v006,IS-3,Input-Sensitive Inefficiency,hard,False,2.0,5.8606,0.0001,5860.6,True,0.4964,0.0001,496.4,True,0.5263,0.0,526.3,True,0.505,0.0001,504.95,True,0.5403,0.0001,540.25,True
IS-3_v007,IS-3,Input-Sensitive Inefficiency,hard,False,2.0,5.8101,0.0,5810.1,True,1.0032,0.0,1003.25,True,1.0159,0.0,1015.9,True,1.0031,0.0,1003.1,True,1.0256,0.0001,1025.6,True
IS-3_v008,IS-3,Input-Sensitive Inefficiency,hard,False,2.0,1.1677,0.0001,1167.65,True,0.0837,0.0001,83.7,True,0.0834,0.0001,83.45,True,0.0835,0.0,83.55,True,0.0776,0.0001,77.65,True
IS-3_v009,IS-3,Input-Sensitive Inefficiency,hard,False,2.0,5.972,0.0001,5972.0,True,0.9909,0.0,990.95,True,0.996,0.0,995.95,True,1.008,0.0001,1008.0,True,1.0199,0.0001,1019.9,True
IS-3_v010,IS-3,Input-Sensitive Inefficiency,hard,False,2.0,2.8649,0.0001,2864.95,True,0.2461,0.0001,246.05,True,0.2328,0.0001,232.75,True,0.223,0.0001,223.0,True,0.2344,0.0001,234.4,True
IS-3_v011,IS-3,Input-Sensitive Inefficiency,hard,False,2.0,2.8215,0.0,2821.55,True,0.232,0.0001,231.95,True,0.2263,0.0,226.35,True,0.2224,0.0001,222.4,True,0.2449,0.0001,244.85,True
IS-3_v012,IS-3,Input-Sensitive Inefficiency,hard,False,2.0,2.9261,0.0001,2926.1,True,0.2321,0.0001,232.05,True,0.2204,0.0,220.4,True,0.216,0.0,216.05,True,0.239,0.0,239.0,True
IS-3_v013,IS-3,Input-Sensitive Inefficiency,hard,False,2.0,3.0034,0.0003,3003.4,True,0.4846,0.0002,484.65,True,0.4878,0.0002,487.75,True,0.4816,0.0002,481.55,True,0.5085,0.0002,508.55,True
IS-3_v014,IS-3,Input-Sensitive Inefficiency,hard,False,2.0,6.0894,0.0,6089.35,True,0.5056,0.0001,505.65,True,0.4963,0.0,496.3,True,0.5835,0.0001,583.5,True,0.4971,0.0001,497.1,True
IS-4_v000,IS-4,Input-Sensitive Inefficiency,hard,False,2.0,3.185,1.723,1.85,False,2.914,0.455,6.4,True,2.908,0.452,6.43,True,2.856,0.436,6.55,True,2.902,0.443,6.55,True
IS-4_v001,IS-4,Input-Sensitive Inefficiency,hard,False,2.0,15.389,8.277,1.86,False,14.71,2.347,6.27,True,14.658,2.283,6.42,True,14.532,2.091,6.95,True,14.646,2.275,6.44,True
IS-4_v002,IS-4,Input-Sensitive Inefficiency,hard,False,2.0,15.385,8.209,1.87,False,14.024,2.308,6.08,True,13.924,2.221,6.27,True,14.554,2.168,6.71,True,13.989,2.208,6.34,True
IS-4_v003,IS-4,Input-Sensitive Inefficiency,hard,False,2.0,15.813,8.462,1.87,False,13.899,2.19,6.35,True,13.417,2.288,5.86,True,13.932,2.199,6.34,True,14.094,2.317,6.08,True
IS-4_v004,IS-4,Input-Sensitive Inefficiency,hard,False,2.0,3.168,1.729,1.83,False,2.824,0.438,6.45,True,2.978,0.433,6.88,True,2.91,0.447,6.51,True,2.873,0.445,6.46,True
IS-4_v005,IS-4,Input-Sensitive Inefficiency,hard,False,2.0,2.916,2.979,0.98,False,2.842,2.845,1.0,False,2.703,2.716,1.0,False,2.72,2.704,1.01,False,2.701,2.723,0.99,False
IS-4_v006,IS-4,Input-Sensitive Inefficiency,hard,False,2.0,1.589,0.853,1.86,False,1.455,0.24,6.06,True,1.452,0.243,5.98,True,1.407,0.221,6.37,True,1.499,0.234,6.41,True
IS-4_v007,IS-4,Input-Sensitive Inefficiency,hard,False,2.0,3.098,1.635,1.89,False,2.896,0.468,6.19,True,2.911,0.49,5.94,True,2.784,0.436,6.39,True,2.867,0.426,6.73,True
IS-4_v008,IS-4,Input-Sensitive Inefficiency,hard,False,2.0,1.577,1.578,1.0,False,1.385,1.4,0.99,False,1.453,1.359,1.07,False,1.391,1.391,1.0,False,1.453,1.464,0.99,False
IS-4_v009,IS-4,Input-Sensitive Inefficiency,hard,False,2.0,3.071,3.039,1.01,False,2.852,2.842,1.0,False,2.705,2.596,1.04,False,2.725,2.722,1.0,False,2.929,2.805,1.04,False
IS-4_v010,IS-4,Input-Sensitive Inefficiency,hard,False,2.0,3.136,1.719,1.82,False,2.899,0.484,5.99,True,2.94,0.451,6.52,True,3.07,0.444,6.91,True,2.91,0.453,6.42,True
IS-4_v011,IS-4,Input-Sensitive Inefficiency,hard,False,2.0,3.014,1.639,1.84,False,2.913,0.485,6.01,True,2.923,0.478,6.12,True,2.771,0.423,6.55,True,3.298,0.609,5.42,True
IS-4_v012,IS-4,Input-Sensitive Inefficiency,hard,False,2.0,1.571,1.499,1.05,False,1.398,1.447,0.97,False,1.456,1.455,1.0,False,1.453,1.439,1.01,False,1.559,1.56,1.0,False
IS-4_v013,IS-4,Input-Sensitive Inefficiency,hard,False,2.0,1.582,1.524,1.04,False,1.394,1.443,0.97,False,1.463,1.455,1.01,False,1.559,1.56,1.0,False,1.499,1.5,1.0,False
IS-4_v014,IS-4,Input-Sensitive Inefficiency,hard,False,2.0,3.066,1.562,1.96,False,2.852,0.395,7.22,True,2.782,0.383,7.26,True,3.081,0.416,7.41,True,2.933,0.406,7.22,True
IS-5_v000,IS-5,Input-Sensitive Inefficiency,hard,False,2.0,330.1243,149.618,2.21,True,97.9607,39.842,2.46,True,94.1473,34.6077,2.72,True,235.6047,38.4603,6.13,True,113.2053,37.722,3.0,True
IS-5_v001,IS-5,Input-Sensitive Inefficiency,hard,False,2.0,201.1377,116.2147,1.73,False,50.3097,8.7453,5.75,True,55.6167,14.6307,3.8,True,141.968,14.864,9.55,True,57.3767,12.2943,4.67,True
IS-5_v002,IS-5,Input-Sensitive Inefficiency,hard,False,2.0,270.9057,157.6577,1.72,False,82.1783,28.0193,2.93,True,77.719,29.2327,2.66,True,181.133,34.2517,5.29,True,74.783,27.915,2.68,True
IS-5_v003,IS-5,Input-Sensitive Inefficiency,hard,False,2.0,269.457,116.5107,2.31,True,87.032,31.613,2.75,True,72.419,39.275,1.84,False,182.8207,26.8097,6.82,True,71.9103,33.8243,2.13,True
IS-5_v004,IS-5,Input-Sensitive Inefficiency,hard,False,2.0,364.2697,224.4213,1.62,False,103.5577,47.5303,2.18,True,114.1247,39.365,2.9,True,238.2953,39.902,5.97,True,102.8113,52.8017,1.95,False
IS-5_v005,IS-5,Input-Sensitive Inefficiency,hard,False,2.0,288.2627,166.987,1.73,False,91.5133,28.0667,3.26,True,74.2453,26.6263,2.79,True,176.049,31.8557,5.53,True,77.659,27.997,2.77,True
IS-5_v006,IS-5,Input-Sensitive Inefficiency,hard,False,2.0,267.19,160.2563,1.67,False,69.319,16.066,4.31,True,77.4723,13.0447,5.94,True,170.9223,17.357,9.85,True,78.3977,15.9557,4.91,True
IS-5_v007,IS-5,Input-Sensitive Inefficiency,hard,False,2.0,368.186,221.517,1.66,False,108.4133,36.2803,2.99,True,104.788,36.913,2.84,True,239.594,42.4203,5.65,True,106.9047,39.93,2.68,True
IS-5_v008,IS-5,Input-Sensitive Inefficiency,hard,False,2.0,298.187,161.9923,1.84,False,82.803,29.243,2.83,True,91.572,27.187,3.37,True,185.0177,25.53,7.25,True,93.092,36.723,2.53,True
IS-5_v009,IS-5,Input-Sensitive Inefficiency,hard,False,2.0,201.451,101.783,1.98,False,56.576,16.3227,3.47,True,55.9907,15.077,3.71,True,144.4837,12.4837,11.57,True,65.781,14.2157,4.63,True
IS-5_v010,IS-5,Input-Sensitive Inefficiency,hard,False,2.0,301.896,169.7927,1.78,False,79.4533,27.6647,2.87,True,79.3777,27.846,2.85,True,180.872,32.985,5.48,True,88.497,30.7007,2.88,True
IS-5_v011,IS-5,Input-Sensitive Inefficiency,hard,False,2.0,365.185,180.3823,2.02,True,106.781,39.6327,2.69,True,120.047,39.4163,3.05,True,251.098,41.891,5.99,True,111.271,46.242,2.41,True
IS-5_v012,IS-5,Input-Sensitive Inefficiency,hard,False,2.0,366.4003,208.2727,1.76,False,100.0683,19.5997,5.11,True,93.9933,18.266,5.15,True,230.7863,20.436,11.29,True,98.8133,19.147,5.16,True
IS-5_v013,IS-5,Input-Sensitive Inefficiency,hard,False,2.0,350.6403,209.3103,1.68,False,95.6093,19.0737,5.01,True,95.827,19.941,4.81,True,229.4813,19.6153,11.7,True,94.7007,17.641,5.37,True
IS-5_v014,IS-5,Input-Sensitive Inefficiency,hard,False,2.0,280.1013,158.83,1.76,False,71.434,19.2147,3.72,True,76.0647,14.9083,5.1,True,164.9137,15.7813,10.45,True,79.7523,14.136,5.64,True
IS-5_v015,IS-5,Input-Sensitive Inefficiency,hard,False,2.0,296.225,174.3787,1.7,False,79.7497,34.2097,2.33,True,78.3523,34.9073,2.24,True,170.9683,33.0093,5.18,True,68.0557,25.876,2.63,True
IS-5_v016,IS-5,Input-Sensitive Inefficiency,hard,False,2.0,237.1407,125.6037,1.89,False,68.7853,14.69,4.68,True,75.776,18.7313,4.05,True,168.848,12.5963,13.4,True,65.551,13.634,4.81,True
IS-5_v017,IS-5,Input-Sensitive Inefficiency,hard,False,2.0,374.7077,187.5423,2.0,False,103.4787,44.1437,2.34,True,98.0147,32.8023,2.99,True,205.6703,33.9117,6.06,True,88.0617,31.4073,2.8,True
IS-5_v018,IS-5,Input-Sensitive Inefficiency,hard,False,2.0,241.0323,144.456,1.67,False,74.3863,21.44,3.47,True,55.8097,20.628,2.71,True,138.8717,26.981,5.15,True,55.7707,23.7813,2.35,True
IS-5_v019,IS-5,Input-Sensitive Inefficiency,hard,False,2.0,231.933,133.576,1.74,False,56.9223,10.1743,5.59,True,58.821,12.023,4.89,True,130.7533,13.8903,9.41,True,49.906,9.2777,5.38,True
MI-1_v000,MI-1,Memory & IO,hard,False,2.0,12.106,0.731,16.56,True,3.692,0.137,26.95,True,3.638,0.137,26.55,True,2.906,0.176,16.51,True,3.71,0.136,27.28,True
MI-1_v001,MI-1,Memory & IO,hard,False,2.0,7.627,0.781,9.77,True,2.535,0.127,19.96,True,2.623,0.138,19.01,True,2.643,0.195,13.55,True,2.026,0.133,15.23,True
MI-1_v002,MI-1,Memory & IO,hard,False,2.0,26.614,0.783,33.99,True,8.859,0.146,60.68,True,6.892,0.126,54.7,True,4.883,0.188,25.97,True,7.815,0.165,47.36,True
MI-1_v003,MI-1,Memory & IO,hard,False,2.0,22.338,0.696,32.09,True,7.497,0.137,54.72,True,6.903,0.125,55.22,True,4.631,0.171,27.08,True,8.008,0.128,62.56,True
MI-1_v004,MI-1,Memory & IO,hard,False,2.0,15.301,1.676,9.13,True,5.715,0.312,18.32,True,6.12,0.334,18.32,True,5.428,0.445,12.2,True,5.015,0.326,15.38,True
MI-1_v005,MI-1,Memory & IO,hard,False,2.0,15.879,1.76,9.02,True,5.513,0.297,18.56,True,5.516,0.3,18.39,True,5.383,0.432,12.46,True,4.945,0.329,15.03,True
MI-1_v006,MI-1,Memory & IO,hard,False,2.0,10.919,0.669,16.32,True,3.197,0.122,26.2,True,3.201,0.122,26.24,True,2.758,0.172,16.03,True,2.829,0.132,21.43,True
MI-1_v007,MI-1,Memory & IO,hard,False,2.0,25.93,1.58,16.41,True,8.055,0.305,26.41,True,7.793,0.292,26.69,True,6.805,0.425,16.01,True,7.037,0.341,20.64,True
MI-1_v008,MI-1,Memory & IO,hard,False,2.0,10.113,0.315,32.1,True,3.348,0.061,54.89,True,3.288,0.059,55.73,True,2.398,0.089,26.94,True,3.283,0.066,49.74,True
MI-1_v009,MI-1,Memory & IO,hard,False,2.0,3.276,0.348,9.41,True,1.259,0.06,20.98,True,1.167,0.06,19.45,True,1.376,0.088,15.64,True,1.086,0.066,16.45,True
MI-1_v010,MI-1,Memory & IO,hard,False,2.0,14.452,1.556,9.29,True,5.72,0.297,19.26,True,5.708,0.306,18.65,True,5.369,0.413,13.0,True,5.375,0.355,15.14,True
MI-1_v011,MI-1,Memory & IO,hard,False,2.0,20.489,0.621,32.99,True,6.664,0.119,56.0,True,6.566,0.118,55.64,True,4.917,0.17,28.92,True,6.244,0.125,49.95,True
MI-1_v012,MI-1,Memory & IO,hard,False,2.0,14.171,1.541,9.2,True,5.42,0.297,18.25,True,5.132,0.283,18.13,True,5.57,0.456,12.21,True,4.956,0.332,14.93,True
MI-1_v013,MI-1,Memory & IO,hard,False,2.0,50.159,1.548,32.4,True,17.751,0.307,57.82,True,17.09,0.304,56.22,True,11.448,0.496,23.08,True,16.351,0.334,48.96,True
MI-1_v014,MI-1,Memory & IO,hard,False,2.0,51.178,1.553,32.95,True,16.025,0.292,54.88,True,16.808,0.31,54.22,True,11.739,0.442,26.56,True,16.233,0.326,49.79,True
MI-2_v000,MI-2,Memory & IO,medium,False,1.5,12.3158,5.1342,2.4,True,1.9934,0.6858,2.91,True,1.9726,0.7122,2.77,True,1.9516,0.6854,2.85,True,0.9426,0.688,1.37,False
MI-2_v001,MI-2,Memory & IO,medium,False,1.5,42.2542,13.4956,3.13,True,7.4924,2.6662,2.81,True,8.004,2.9338,2.73,True,7.518,2.6682,2.82,True,3.566,2.7976,1.27,False
MI-2_v002,MI-2,Memory & IO,medium,False,1.5,19.5816,7.687,2.55,True,3.8618,1.3934,2.77,True,3.9176,1.39,2.82,True,3.8092,1.4008,2.72,True,1.851,1.405,1.32,False
MI-2_v003,MI-2,Memory & IO,medium,False,1.5,49.6636,20.4208,2.43,True,7.6604,2.7158,2.82,True,7.5628,2.8172,2.68,True,8.2304,2.81,2.93,True,3.5256,2.7704,1.27,False
MI-2_v004,MI-2,Memory & IO,medium,False,1.5,19.9652,6.6602,3.0,True,3.9798,1.4078,2.83,True,4.0188,1.4676,2.74,True,4.5534,1.499,3.04,True,1.813,1.3758,1.32,False
MI-2_v005,MI-2,Memory & IO,medium,False,1.5,12.2376,5.1068,2.4,True,2.0118,0.7196,2.8,True,1.953,0.6694,2.92,True,2.041,0.7464,2.73,True,0.932,0.6762,1.38,False
MI-2_v006,MI-2,Memory & IO,medium,False,1.5,50.2496,22.016,2.28,True,7.5606,2.8634,2.64,True,8.5026,3.1304,2.72,True,8.1634,2.9736,2.75,True,3.7204,3.0004,1.24,False
MI-2_v007,MI-2,Memory & IO,medium,False,1.5,42.0114,14.5166,2.89,True,7.7118,2.8252,2.73,True,8.9324,3.2532,2.75,True,7.7726,2.932,2.65,True,3.6942,2.8582,1.29,False
MI-2_v008,MI-2,Memory & IO,medium,False,1.5,18.5816,6.5396,2.84,True,3.865,1.4104,2.74,True,4.4184,1.5454,2.86,True,3.99,1.5276,2.61,True,1.8366,1.417,1.3,False
MI-2_v009,MI-2,Memory & IO,medium,False,1.5,38.109,13.0658,2.92,True,7.6132,2.8196,2.7,True,8.7274,3.2842,2.66,True,7.4536,2.8166,2.65,True,3.5092,2.9078,1.21,False
MI-2_v010,MI-2,Memory & IO,medium,False,1.5,12.9664,5.2868,2.45,True,1.9842,0.6956,2.85,True,2.0788,0.7388,2.81,True,1.9762,0.7022,2.81,True,0.9026,0.725,1.24,False
MI-2_v011,MI-2,Memory & IO,medium,False,1.5,80.535,30.6308,2.63,True,15.1872,5.6322,2.7,True,15.3434,5.8298,2.63,True,15.4284,5.762,2.68,True,7.1058,5.469,1.3,False
MI-2_v012,MI-2,Memory & IO,medium,False,1.5,77.1024,28.4384,2.71,True,14.9124,5.6184,2.65,True,15.084,5.7478,2.62,True,16.1294,6.9118,2.33,True,7.9886,5.9554,1.34,False
MI-2_v013,MI-2,Memory & IO,medium,False,1.5,41.771,14.6088,2.86,True,7.656,2.8324,2.7,True,8.2272,2.8928,2.84,True,8.1856,3.5186,2.33,True,3.8952,2.906,1.34,False
MI-2_v014,MI-2,Memory & IO,medium,False,1.5,50.8286,21.4336,2.37,True,7.642,2.8222,2.71,True,7.6152,2.8642,2.66,True,7.4852,2.7134,2.76,True,3.5008,2.6884,1.3,False
MI-3_v000,MI-3,Memory & IO,hard,False,2.0,19.077,1.429,13.35,True,11.3,0.608,18.59,True,10.245,0.566,18.1,True,10.111,0.15,67.41,True,9.756,0.543,17.97,True
MI-3_v001,MI-3,Memory & IO,hard,False,2.0,36.715,4.735,7.75,True,18.727,1.163,16.1,True,20.012,1.132,17.68,True,17.959,0.538,33.38,True,18.293,1.102,16.6,True
MI-3_v002,MI-3,Memory & IO,hard,False,2.0,84.546,11.855,7.13,True,50.303,3.007,16.73,True,48.648,3.015,16.14,True,44.36,1.433,30.96,True,46.405,2.86,16.23,True
MI-3_v003,MI-3,Memory & IO,hard,False,2.0,73.198,7.227,10.13,True,51.374,2.828,18.17,True,50.181,2.828,17.74,True,52.517,0.756,69.47,True,50.427,2.833,17.8,True
MI-3_v004,MI-3,Memory & IO,hard,False,2.0,27.3,2.67,10.22,True,20.728,1.138,18.21,True,20.708,1.138,18.2,True,20.039,0.335,59.82,True,19.573,1.069,18.31,True
MI-3_v005,MI-3,Memory & IO,hard,False,2.0,16.162,2.298,7.03,True,9.694,0.582,16.66,True,10.94,0.58,18.86,True,9.303,0.263,35.37,True,10.792,0.593,18.2,True
MI-3_v006,MI-3,Memory & IO,hard,False,2.0,16.082,2.271,7.08,True,8.933,0.574,15.56,True,9.715,0.558,17.41,True,9.096,0.266,34.2,True,9.519,0.572,16.64,True
MI-3_v007,MI-3,Memory & IO,hard,False,2.0,65.07,6.369,10.22,True,48.22,3.235,14.91,True,49.301,2.718,18.14,True,52.442,0.779,67.32,True,48.502,2.712,17.88,True
MI-3_v008,MI-3,Memory & IO,hard,False,2.0,29.151,2.674,10.9,True,21.358,1.13,18.9,True,20.89,1.127,18.54,True,20.209,0.32,63.15,True,19.235,1.07,17.98,True
MI-3_v009,MI-3,Memory & IO,hard,False,2.0,13.831,1.344,10.29,True,10.454,0.544,19.22,True,9.666,0.539,17.93,True,10.44,0.16,65.25,True,9.878,0.564,17.51,True
MI-3_v010,MI-3,Memory & IO,hard,False,2.0,81.535,11.487,7.1,True,46.19,2.91,15.87,True,46.038,2.951,15.6,True,46.406,1.497,31.0,True,45.522,2.841,16.02,True
MI-3_v011,MI-3,Memory & IO,hard,False,2.0,21.197,2.525,8.39,True,8.967,0.581,15.43,True,9.333,0.555,16.82,True,10.643,0.272,39.13,True,9.077,0.558,16.27,True
MI-3_v012,MI-3,Memory & IO,hard,False,2.0,68.109,6.697,10.17,True,49.49,2.819,17.56,True,48.297,2.707,17.84,True,49.745,0.741,67.13,True,47.397,2.689,17.63,True
MI-3_v013,MI-3,Memory & IO,hard,False,2.0,79.359,11.298,7.02,True,45.145,2.804,16.1,True,45.755,2.778,16.47,True,44.155,1.334,33.1,True,44.377,2.789,15.91,True
MI-3_v014,MI-3,Memory & IO,hard,False,2.0,27.176,2.741,9.91,True,20.02,1.127,17.76,True,20.606,1.07,19.26,True,19.334,0.294,65.76,True,20.786,1.127,18.44,True
MI-4_v000,MI-4,Memory & IO,medium,False,2.0,6.465,3.841,1.68,False,3.317,0.326,10.17,True,3.4,0.325,10.46,True,3.32,0.355,9.35,True,3.342,0.321,10.41,True
MI-4_v001,MI-4,Memory & IO,medium,False,2.0,3.482,2.975,1.17,False,1.819,0.425,4.28,True,1.441,0.397,3.63,True,1.465,0.414,3.54,True,1.397,0.401,3.48,True
MI-4_v002,MI-4,Memory & IO,medium,False,2.0,36.397,12.734,2.86,True,23.601,2.461,9.59,True,23.413,2.569,9.11,True,23.656,2.582,9.16,True,23.417,2.506,9.34,True
MI-4_v003,MI-4,Memory & IO,medium,False,2.0,90.663,25.963,3.49,True,73.241,4.527,16.18,True,72.458,4.32,16.77,True,73.686,4.362,16.89,True,73.28,4.474,16.38,True
MI-4_v004,MI-4,Memory & IO,medium,False,2.0,3.224,2.608,1.24,False,1.995,0.248,8.04,True,2.349,0.255,9.21,True,2.028,0.249,8.14,True,2.135,0.267,8.0,True
MI-4_v005,MI-4,Memory & IO,medium,False,2.0,9.244,6.518,1.42,False,5.891,4.473,1.32,False,5.851,4.665,1.25,False,5.599,0.465,12.04,True,5.69,4.45,1.28,False
MI-4_v006,MI-4,Memory & IO,medium,False,2.0,19.537,18.522,1.05,False,13.093,13.478,0.97,False,13.383,10.586,1.26,False,14.036,11.513,1.22,False,13.072,13.262,0.99,False
MI-4_v007,MI-4,Memory & IO,medium,False,2.0,5.637,4.405,1.28,False,3.739,3.073,1.22,False,3.8,3.124,1.22,False,3.817,0.307,12.43,True,3.749,3.136,1.2,False
MI-4_v008,MI-4,Memory & IO,medium,False,2.0,12.144,7.775,1.56,False,7.173,0.658,10.9,True,7.215,0.662,10.9,True,6.928,0.653,10.61,True,6.956,0.652,10.67,True
MI-4_v009,MI-4,Memory & IO,medium,False,2.0,11.372,7.169,1.59,False,11.456,1.918,5.97,True,10.458,2.097,4.99,True,11.028,1.987,5.55,True,11.047,2.097,5.27,True
MI-4_v010,MI-4,Memory & IO,medium,False,2.0,23.932,11.93,2.01,True,19.976,1.679,11.9,True,20.19,1.538,13.13,True,20.475,1.575,13.0,True,20.288,1.517,13.37,True
MI-4_v011,MI-4,Memory & IO,medium,False,2.0,1.593,1.311,1.22,False,0.595,0.111,5.36,True,0.614,0.108,5.69,True,0.64,0.113,5.66,True,0.605,0.108,5.6,True
MI-4_v012,MI-4,Memory & IO,medium,False,2.0,58.699,30.846,1.9,False,33.859,15.152,2.23,True,34.17,14.058,2.43,True,33.43,15.946,2.1,True,32.893,14.35,2.29,True
MI-4_v013,MI-4,Memory & IO,medium,False,2.0,4.825,3.606,1.34,False,3.356,2.502,1.34,False,3.537,2.53,1.4,False,3.492,0.484,7.21,True,3.431,2.541,1.35,False
MI-4_v014,MI-4,Memory & IO,medium,False,2.0,4.269,2.851,1.5,False,2.282,0.162,14.09,True,2.213,0.152,14.56,True,2.359,0.193,12.22,True,2.267,0.156,14.53,True
MI-4_v015,MI-4,Memory & IO,medium,False,2.0,1.715,1.533,1.12,False,1.237,1.073,1.15,False,1.292,1.066,1.21,False,1.197,0.088,13.6,True,1.208,1.078,1.12,False
MI-4_v016,MI-4,Memory & IO,medium,False,2.0,6.069,3.25,1.87,False,3.391,0.348,9.74,True,3.378,0.324,10.43,True,3.297,0.36,9.16,True,3.25,0.361,9.0,True
MI-4_v017,MI-4,Memory & IO,medium,False,2.0,2.481,1.776,1.4,False,2.019,0.309,6.53,True,1.947,0.329,5.92,True,1.895,0.317,5.98,True,1.969,0.309,6.37,True
MI-4_v018,MI-4,Memory & IO,medium,False,2.0,160.187,58.35,2.75,True,67.897,40.107,1.69,False,74.045,38.418,1.93,False,59.931,27.954,2.14,True,69.612,35.834,1.94,False
MI-4_v019,MI-4,Memory & IO,medium,False,2.0,3.336,2.201,1.52,False,1.934,1.53,1.26,False,1.843,1.478,1.25,False,2.119,0.151,14.03,True,1.948,1.562,1.25,False
SR-1_v000,SR-1,Semantic Redundancy,hard,False,2.0,110.451,0.734,150.48,True,45.271,0.064,707.36,True,46.767,0.063,742.33,True,43.364,0.06,722.73,True,0.116,0.054,2.15,True
SR-1_v001,SR-1,Semantic Redundancy,hard,False,2.0,739.356,0.082,9016.54,True,737.77,0.013,56751.54,True,787.075,0.043,18304.07,True,777.346,0.025,31093.84,True,0.02,0.006,3.33,True
SR-1_v002,SR-1,Semantic Redundancy,easy,False,2.0,61.273,0.324,189.11,True,65.398,0.062,1054.81,True,54.635,0.061,895.66,True,62.037,0.077,805.68,True,0.07,0.06,1.17,False
SR-1_v003,SR-1,Semantic Redundancy,easy,False,2.0,19.967,0.299,66.78,True,10.094,0.063,160.22,True,7.254,0.061,118.92,True,8.026,0.067,119.79,True,0.059,0.057,1.04,False
SR-1_v004,SR-1,Semantic Redundancy,hard,False,2.0,456.948,0.091,5021.41,True,466.634,0.011,42421.27,True,474.844,0.011,43167.64,True,503.917,0.012,41993.08,True,0.016,0.006,2.67,True
SR-1_v005,SR-1,Semantic Redundancy,hard,False,2.0,10013.476,1.893,5289.74,True,10571.561,0.655,16139.79,True,10483.898,0.143,73313.97,True,10121.523,0.428,23648.42,True,0.136,0.121,1.12,False
SR-1_v006,SR-1,Semantic Redundancy,hard,False,2.0,819.749,0.574,1428.13,True,283.316,0.149,1901.45,True,291.363,0.033,8829.18,True,328.299,0.082,4003.65,True,0.062,0.034,1.82,False
SR-1_v007,SR-1,Semantic Redundancy,hard,False,2.0,801.118,0.114,7027.35,True,785.991,0.015,52399.4,True,838.465,0.015,55897.67,True,806.334,0.015,53755.6,True,0.02,0.006,3.33,True
SR-1_v008,SR-1,Semantic Redundancy,hard,False,2.0,544.315,0.922,590.36,True,92.22,0.293,314.74,True,90.865,0.062,1465.56,True,21.142,0.073,289.62,True,0.064,0.063,1.02,False
SR-1_v009,SR-1,Semantic Redundancy,hard,False,2.0,31.373,0.081,387.32,True,17.83,0.014,1273.57,True,19.263,0.014,1375.93,True,16.874,0.013,1298.0,True,0.022,0.013,1.69,False
SR-1_v010,SR-1,Semantic Redundancy,hard,False,2.0,11849.374,0.963,12304.65,True,12217.346,0.173,70620.5,True,11832.879,0.164,72151.7,True,11302.415,0.19,59486.39,True,0.08,0.029,2.76,True
SR-1_v011,SR-1,Semantic Redundancy,hard,False,2.0,1296.226,0.632,2050.99,True,1233.227,0.129,9559.9,True,1270.839,0.161,7893.41,True,1236.387,0.081,15264.04,True,0.042,0.03,1.4,False
SR-1_v012,SR-1,Semantic Redundancy,easy,False,2.0,307.618,0.684,449.73,True,311.655,0.233,1337.58,True,325.82,0.323,1008.73,True,312.788,0.341,917.27,True,0.061,0.064,0.95,False
SR-1_v013,SR-1,Semantic Redundancy,hard,False,2.0,1612.136,0.798,2020.22,True,315.273,0.068,4636.37,True,311.437,0.033,9437.48,True,48.534,0.033,1470.73,True,0.033,0.03,1.1,False
SR-1_v014,SR-1,Semantic Redundancy,hard,False,2.0,110.422,0.093,1187.33,True,105.895,0.013,8145.77,True,115.485,0.014,8248.93,True,110.688,0.037,2991.57,True,0.023,0.014,1.64,False
SR-2_v000,SR-2,Semantic Redundancy,easy,False,2.0,282.413,9.036,31.25,True,98.272,2.934,33.49,True,98.666,3.097,31.86,True,93.307,0.83,112.42,True,100.367,5.079,19.76,True
SR-2_v001,SR-2,Semantic Redundancy,medium,False,2.0,792.491,16.187,48.96,True,707.597,3.315,213.45,True,748.498,4.121,181.63,True,745.174,1.243,599.5,True,771.232,3.465,222.58,True
SR-2_v002,SR-2,Semantic Redundancy,easy,False,2.0,585.718,19.274,30.39,True,183.135,5.835,31.39,True,213.914,8.992,23.79,True,224.596,1.855,121.08,True,176.377,6.151,28.67,True
SR-2_v003,SR-2,Semantic Redundancy,medium,False,2.0,2092.248,24.884,84.08,True,460.914,6.902,66.78,True,480.401,7.588,63.31,True,333.076,3.03,109.93,True,492.132,6.622,74.32,True
SR-2_v004,SR-2,Semantic Redundancy,medium,False,2.0,1696.209,16.145,105.06,True,1567.822,6.872,228.15,True,1568.345,6.386,245.59,True,1069.414,1.229,870.15,True,1577.033,6.184,255.02,True
SR-2_v005,SR-2,Semantic Redundancy,medium,False,2.0,1049.875,15.302,68.61,True,193.344,3.621,53.4,True,243.088,3.339,72.8,True,191.989,1.761,109.02,True,203.338,3.145,64.65,True
SR-2_v006,SR-2,Semantic Redundancy,easy,False,2.0,268.085,9.741,27.52,True,108.614,3.298,32.93,True,99.067,3.42,28.97,True,106.474,0.964,110.45,True,107.192,3.4,31.53,True
SR-2_v007,SR-2,Semantic Redundancy,medium,False,2.0,1651.842,30.59,54.0,True,1531.488,7.003,218.69,True,1487.143,6.411,231.97,True,1542.763,3.032,508.83,True,1524.577,6.483,235.17,True
SR-2_v008,SR-2,Semantic Redundancy,easy,False,2.0,397.161,12.508,31.75,True,82.363,3.229,25.51,True,92.085,3.33,27.65,True,94.448,0.89,106.12,True,82.011,2.882,28.46,True
SR-2_v009,SR-2,Semantic Redundancy,medium,False,2.0,981.714,10.859,90.41,True,246.081,3.429,71.76,True,227.447,3.382,67.25,True,183.564,0.97,189.24,True,226.839,2.946,77.0,True
SR-2_v010,SR-2,Semantic Redundancy,easy,False,2.0,921.355,9.291,99.17,True,856.095,2.844,301.02,True,779.776,2.822,276.32,True,831.28,0.419,1983.96,True,865.034,3.267,264.78,True
SR-2_v011,SR-2,Semantic Redundancy,easy,False,2.0,282.076,10.326,27.32,True,102.345,3.588,28.52,True,105.428,3.173,33.23,True,89.752,0.893,100.51,True,110.076,3.966,27.75,True
SR-2_v012,SR-2,Semantic Redundancy,easy,False,2.0,597.311,19.352,30.87,True,222.185,7.076,31.4,True,223.501,7.015,31.86,True,208.763,1.978,105.54,True,214.928,7.413,28.99,True
SR-2_v013,SR-2,Semantic Redundancy,medium,False,2.0,1699.348,28.266,60.12,True,1528.449,7.067,216.28,True,1519.923,6.437,236.12,True,1501.397,3.198,469.48,True,1519.631,6.417,236.81,True
SR-2_v014,SR-2,Semantic Redundancy,easy,False,2.0,1612.454,18.85,85.54,True,1472.958,6.275,234.73,True,1464.282,6.21,235.79,True,1410.523,1.909,738.88,True,1499.458,6.706,223.6,True
SR-2_v015,SR-2,Semantic Redundancy,easy,False,2.0,1664.839,24.92,66.81,True,1480.838,6.61,224.03,True,1463.786,6.193,236.36,True,1393.396,3.122,446.32,True,1463.274,6.506,224.91,True
SR-2_v016,SR-2,Semantic Redundancy,easy,False,2.0,335.691,12.75,26.33,True,105.978,3.13,33.86,True,104.56,3.345,31.26,True,107.772,1.487,72.48,True,103.329,4.435,23.3,True
SR-2_v017,SR-2,Semantic Redundancy,easy,False,2.0,1840.297,29.549,62.28,True,1683.06,6.144,273.94,True,1675.449,7.41,226.11,True,1532.073,1.32,1160.66,True,1511.401,5.999,251.94,True
SR-2_v018,SR-2,Semantic Redundancy,medium,False,2.0,1020.823,15.829,64.49,True,234.53,4.527,51.81,True,231.109,3.104,74.46,True,180.117,1.449,124.3,True,244.267,3.546,68.89,True
SR-2_v019,SR-2,Semantic Redundancy,easy,False,2.0,343.539,8.484,40.49,True,92.387,3.041,30.38,True,90.716,3.235,28.04,True,87.166,0.428,203.66,True,90.487,2.842,31.84,True
SR-3_v000,SR-3,Semantic Redundancy,easy,False,2.0,1161.719,0.142,8181.12,True,532.571,0.037,14393.81,True,528.97,0.031,17063.55,True,46.897,0.046,1019.5,True,515.708,0.043,11993.21,True
SR-3_v001,SR-3,Semantic Redundancy,easy,False,2.0,481.533,0.116,4151.15,True,402.375,0.053,7591.98,True,406.538,0.045,9034.18,True,56.295,0.044,1279.43,True,414.784,0.048,8641.33,True
SR-3_v002,SR-3,Semantic Redundancy,easy,False,2.0,136.951,0.052,2633.67,True,7.034,0.016,439.62,True,6.502,0.022,295.55,True,6.491,0.015,432.73,True,6.471,0.015,431.4,True
SR-3_v003,SR-3,Semantic Redundancy,easy,False,2.0,141.422,0.044,3214.14,True,109.842,0.021,5230.57,True,109.063,0.022,4957.41,True,13.139,0.032,410.59,True,101.609,0.021,4838.52,True
SR-3_v004,SR-3,Semantic Redundancy,easy,False,2.0,287.179,0.085,3378.58,True,15.895,0.027,588.7,True,14.689,0.024,612.04,True,14.668,0.023,637.74,True,15.36,0.027,568.89,True
SR-3_v005,SR-3,Semantic Redundancy,easy,False,2.0,283.382,0.109,2599.83,True,235.641,0.029,8125.55,True,235.24,0.029,8111.72,True,14.639,0.025,585.56,True,237.779,0.023,10338.22,True
SR-3_v006,SR-3,Semantic Redundancy,easy,False,2.0,33.407,0.042,795.4,True,28.099,0.011,2554.45,True,26.958,0.01,2695.8,True,4.467,0.015,297.8,True,27.006,0.015,1800.4,True
SR-3_v007,SR-3,Semantic Redundancy,easy,False,2.0,35.129,0.044,798.39,True,27.12,0.013,2086.15,True,25.937,0.015,1729.13,True,4.171,0.01,417.1,True,26.886,0.01,2688.6,True
SR-3_v008,SR-3,Semantic Redundancy,easy,False,2.0,8392.931,0.196,42821.08,True,8316.511,0.177,46985.94,True,8357.379,0.19,43986.21,True,8130.383,0.104,78176.76,True,7789.468,0.182,42799.27,True
SR-3_v009,SR-3,Semantic Redundancy,easy,False,2.0,42.977,0.04,1074.42,True,28.985,0.013,2229.62,True,27.172,0.01,2717.2,True,2.056,0.008,257.0,True,27.335,0.013,2102.69,True
SR-3_v010,SR-3,Semantic Redundancy,easy,False,2.0,306.457,0.116,2641.87,True,254.313,0.028,9082.61,True,244.678,0.028,8738.5,True,17.822,0.025,712.88,True,239.402,0.043,5567.49,True
SR-3_v011,SR-3,Semantic Redundancy,medium,False,2.0,1.175,0.061,19.26,True,0.084,0.014,6.0,True,0.084,0.017,4.94,True,0.023,0.014,1.64,False,0.082,0.013,6.31,True
SR-3_v012,SR-3,Semantic Redundancy,easy,False,2.0,129.483,0.079,1639.03,True,103.688,0.025,4147.52,True,114.796,0.022,5218.0,True,16.334,0.023,710.17,True,104.935,0.028,3747.68,True
SR-3_v013,SR-3,Semantic Redundancy,easy,False,2.0,31.088,0.02,1554.4,True,25.478,0.013,1959.85,True,26.224,0.011,2384.0,True,2.992,0.009,332.44,True,25.084,0.013,1929.54,True
SR-3_v014,SR-3,Semantic Redundancy,easy,False,2.0,131.767,0.077,1711.26,True,103.461,0.02,5173.05,True,110.421,0.021,5258.14,True,7.818,0.019,411.47,True,108.936,0.019,5733.47,True
SR-4_v000,SR-4,Semantic Redundancy,easy,False,2.0,4.209,0.064,65.77,True,1.631,0.007,233.0,True,1.5,0.006,250.0,True,1.538,0.006,256.33,True,1.532,0.006,255.33,True
SR-4_v001,SR-4,Semantic Redundancy,easy,False,2.0,656.017,0.126,5206.48,True,674.806,0.041,16458.68,True,683.63,0.04,17090.75,True,681.643,0.013,52434.08,True,676.17,0.013,52013.08,True
SR-4_v002,SR-4,Semantic Redundancy,hard,False,2.0,577.668,0.111,5204.22,True,115.96,0.014,8282.86,True,113.515,0.015,7567.67,True,29.052,0.013,2234.77,True,112.417,0.015,7494.47,True
SR-4_v003,SR-4,Semantic Redundancy,easy,False,2.0,2320.998,1.72,1349.42,True,2271.752,0.147,15454.1,True,2312.59,0.51,4534.49,True,2289.113,0.133,17211.38,True,2303.796,0.138,16694.17,True
SR-4_v004,SR-4,Semantic Redundancy,easy,False,2.0,61.856,1.017,60.82,True,0.139,0.235,0.59,False,0.131,0.14,0.94,False,0.166,0.141,1.18,False,0.2,0.194,1.03,False
SR-4_v005,SR-4,Semantic Redundancy,easy,False,2.0,380.997,0.979,389.17,True,69.39,0.251,276.45,True,68.297,0.307,222.47,True,0.251,0.057,4.4,True,66.744,0.064,1042.88,True
SR-4_v006,SR-4,Semantic Redundancy,hard,False,2.0,989.759,1.651,599.49,True,947.813,0.373,2541.05,True,976.621,0.457,2137.03,True,970.688,0.135,7190.28,True,961.007,0.131,7335.93,True
SR-4_v007,SR-4,Semantic Redundancy,easy,False,2.0,482.97,0.709,681.2,True,455.098,0.162,2809.25,True,430.183,0.42,1024.25,True,425.299,0.128,3322.65,True,438.01,0.135,3244.52,True
SR-4_v008,SR-4,Semantic Redundancy,hard,False,2.0,273.402,0.084,3254.79,True,230.61,0.008,28826.25,True,231.205,0.01,23120.5,True,235.261,0.008,29407.63,True,232.169,0.008,29021.12,True
SR-4_v009,SR-4,Semantic Redundancy,hard,False,2.0,2327.164,0.789,2949.51,True,433.665,0.065,6671.77,True,429.797,0.062,6932.21,True,61.878,0.066,937.55,True,448.879,0.106,4234.71,True
SR-4_v010,SR-4,Semantic Redundancy,easy,False,2.0,220.873,0.066,3346.56,True,222.424,0.008,27803.0,True,221.425,0.009,24602.78,True,221.867,0.009,24651.89,True,229.29,0.008,28661.25,True
SR-4_v011,SR-4,Semantic Redundancy,hard,False,2.0,21.292,0.089,239.24,True,0.019,0.012,1.58,False,0.023,0.013,1.77,False,0.016,0.011,1.45,False,0.022,0.012,1.83,False
SR-4_v012,SR-4,Semantic Redundancy,hard,False,2.0,108.982,0.07,1556.89,True,106.9,0.008,13362.5,True,0.016,0.008,2.0,False,0.015,0.008,1.88,False,0.011,0.006,1.83,False
SR-4_v013,SR-4,Semantic Redundancy,hard,False,2.0,1091.412,0.495,2204.87,True,1012.383,0.068,14887.99,True,959.833,0.068,14115.19,True,978.638,0.164,5967.3,True,974.045,0.13,7492.65,True
SR-4_v014,SR-4,Semantic Redundancy,easy,False,2.0,13599.48,0.725,18757.9,True,12614.044,0.325,38812.44,True,12477.349,0.299,41730.26,True,12540.157,0.313,40064.4,True,12246.974,0.069,177492.38,True
SR-5_v000,SR-5,Semantic Redundancy,hard,False,2.0,105.07,2.656,39.56,True,21.457,0.588,36.49,True,20.705,0.564,36.71,True,5.67,0.594,9.55,True,20.957,0.611,34.3,True
SR-5_v001,SR-5,Semantic Redundancy,hard,False,2.0,265.073,6.603,40.14,True,49.622,1.357,36.57,True,52.758,2.028,26.01,True,16.718,1.667,10.03,True,49.753,1.418,35.09,True
SR-5_v002,SR-5,Semantic Redundancy,hard,False,2.0,259.01,6.545,39.57,True,48.212,1.406,34.29,True,49.811,1.433,34.76,True,13.406,1.278,10.49,True,52.859,1.373,38.5,True
SR-5_v003,SR-5,Semantic Redundancy,hard,False,2.0,470.86,10.155,46.37,True,164.446,3.126,52.61,True,157.958,2.651,59.58,True,47.492,2.799,16.97,True,148.797,2.547,58.42,True
SR-5_v004,SR-5,Semantic Redundancy,hard,False,2.0,96.124,4.062,23.66,True,23.529,1.204,19.54,True,22.897,1.14,20.09,True,10.405,1.229,8.47,True,22.819,1.252,18.23,True
SR-5_v005,SR-5,Semantic Redundancy,hard,False,2.0,239.611,1.966,121.88,True,153.475,0.596,257.51,True,146.069,0.648,225.42,True,20.103,0.622,32.32,True,140.592,0.609,230.86,True
SR-5_v006,SR-5,Semantic Redundancy,hard,False,2.0,914.646,10.735,85.2,True,415.404,2.669,155.64,True,438.178,2.969,147.58,True,95.594,2.822,33.87,True,439.892,2.828,155.55,True
SR-5_v007,SR-5,Semantic Redundancy,hard,False,2.0,91.85,1.181,77.77,True,26.516,0.263,100.82,True,27.171,0.357,76.11,True,4.918,0.291,16.9,True,25.552,0.375,68.14,True
SR-5_v008,SR-5,Semantic Redundancy,hard,False,2.0,467.385,2.446,191.08,True,146.624,0.805,182.14,True,138.54,0.621,223.09,True,16.931,0.519,32.62,True,131.776,0.591,222.97,True
SR-5_v009,SR-5,Semantic Redundancy,hard,False,2.0,118.995,2.096,56.77,True,72.214,0.636,113.54,True,68.623,0.611,112.31,True,8.445,0.629,13.43,True,66.901,0.617,108.43,True
SR-5_v010,SR-5,Semantic Redundancy,hard,False,2.0,240.886,6.159,39.11,True,50.542,1.486,34.01,True,47.253,1.368,34.54,True,13.652,1.435,9.51,True,45.098,1.29,34.96,True
SR-5_v011,SR-5,Semantic Redundancy,hard,False,2.0,925.344,10.263,90.16,True,423.398,2.9,146.0,True,398.545,2.781,143.31,True,94.732,2.789,33.97,True,412.832,2.789,148.02,True
SR-5_v012,SR-5,Semantic Redundancy,hard,False,2.0,115.644,1.987,58.2,True,72.002,0.588,122.45,True,68.519,0.536,127.83,True,7.849,0.559,14.04,True,66.729,0.606,110.11,True
SR-5_v013,SR-5,Semantic Redundancy,hard,False,2.0,368.544,4.274,86.23,True,162.282,1.197,135.57,True,159.858,1.191,134.22,True,36.961,1.186,31.16,True,162.482,1.097,148.11,True
SR-5_v014,SR-5,Semantic Redundancy,hard,False,2.0,185.963,2.408,77.23,True,50.374,0.595,84.66,True,49.927,0.638,78.26,True,10.817,0.592,18.27,True,49.167,0.633,77.67,True
